id,room_id,date,block_type,booking_id,current_rate,channel,min_stay_active,min_stay_nights,floor_rate,channel_partner,offer_id
S01_2026-04-08,S01,2026-04-08,SOFT,BKS1A,2500,OTA,f,1,0,,
TST2242_2026-05-31,TST2242,2026-05-31,EMPTY,,1500,DIRECT,f,1,0,,
TST2242_2026-06-01,TST2242,2026-06-01,EMPTY,,1500,DIRECT,f,1,0,,
TST2242_2026-06-02,TST2242,2026-06-02,EMPTY,,1500,DIRECT,f,1,0,,
TST2242_2026-06-03,TST2242,2026-06-03,EMPTY,,1500,DIRECT,f,1,0,,
TST2242_2026-06-04,TST2242,2026-06-04,EMPTY,,1500,DIRECT,f,1,0,,
TST2242_2026-06-05,TST2242,2026-06-05,EMPTY,,1500,DIRECT,f,1,0,,
TST2242_2026-06-06,TST2242,2026-06-06,EMPTY,,1500,DIRECT,f,1,0,,
TST2242_2026-06-07,TST2242,2026-06-07,EMPTY,,1500,DIRECT,f,1,0,,
TST2242_2026-06-08,TST2242,2026-06-08,EMPTY,,1500,DIRECT,f,1,0,,
TST2242_2026-06-09,TST2242,2026-06-09,EMPTY,,1500,DIRECT,f,1,0,,
TST2242_2026-06-10,TST2242,2026-06-10,EMPTY,,1500,DIRECT,f,1,0,,
TST2242_2026-06-11,TST2242,2026-06-11,EMPTY,,1500,DIRECT,f,1,0,,
TST2242_2026-06-12,TST2242,2026-06-12,EMPTY,,1500,DIRECT,f,1,0,,
TST2242_2026-06-13,TST2242,2026-06-13,EMPTY,,1500,DIRECT,f,1,0,,
TST2242_2026-06-14,TST2242,2026-06-14,EMPTY,,1500,DIRECT,f,1,0,,
TST2242_2026-06-15,TST2242,2026-06-15,EMPTY,,1500,DIRECT,f,1,0,,
TST2242_2026-06-16,TST2242,2026-06-16,EMPTY,,1500,DIRECT,f,1,0,,
TST2242_2026-06-17,TST2242,2026-06-17,EMPTY,,1500,DIRECT,f,1,0,,
TST2242_2026-06-18,TST2242,2026-06-18,EMPTY,,1500,DIRECT,f,1,0,,
TST2242_2026-06-19,TST2242,2026-06-19,EMPTY,,1500,DIRECT,f,1,0,,
TST2242_2026-06-20,TST2242,2026-06-20,EMPTY,,1500,DIRECT,f,1,0,,
TST2242_2026-06-21,TST2242,2026-06-21,EMPTY,,1500,DIRECT,f,1,0,,
TST2242_2026-06-22,TST2242,2026-06-22,EMPTY,,1500,DIRECT,f,1,0,,
TST2242_2026-06-23,TST2242,2026-06-23,EMPTY,,1500,DIRECT,f,1,0,,
TST2242_2026-06-24,TST2242,2026-06-24,EMPTY,,1500,DIRECT,f,1,0,,
TST2242_2026-06-25,TST2242,2026-06-25,EMPTY,,1500,DIRECT,f,1,0,,
TST2242_2026-06-26,TST2242,2026-06-26,EMPTY,,1500,DIRECT,f,1,0,,
TST2242_2026-06-27,TST2242,2026-06-27,EMPTY,,1500,DIRECT,f,1,0,,
TST2242_2026-06-28,TST2242,2026-06-28,EMPTY,,1500,DIRECT,f,1,0,,
S02_2026-04-08,S02,2026-04-08,SOFT,BKS2A,2500,OTA,f,1,0,,
TST2242_2026-06-29,TST2242,2026-06-29,EMPTY,,1500,DIRECT,f,1,0,,
U10_2026-04-21,U10,2026-04-21,SOFT,A1D0F18D,11000,OTA,f,1,0,,
U10_2026-04-22,U10,2026-04-22,SOFT,A1D0F18D,11000,OTA,f,1,0,,
U10_2026-04-23,U10,2026-04-23,SOFT,A1D0F18D,11000,OTA,f,1,0,,
S01_2026-04-30,S01,2026-04-30,EMPTY,,2500,OTA,f,1,0,,
E02_2026-04-09,E02,2026-04-09,EMPTY,,1500,OTA,f,1,0,,
S03_2026-04-08,S03,2026-04-08,SOFT,BKS3A,2500,OTA,f,1,0,,
U10_2026-04-24,U10,2026-04-24,SOFT,A1D0F18D,11000,OTA,f,1,0,,
D03_2026-04-24,D03,2026-04-24,SOFT,BKD3C,5000,DIRECT,f,1,0,,
D03_2026-04-25,D03,2026-04-25,SOFT,BKD3C,5000,DIRECT,f,1,0,,
S01_2026-05-01,S01,2026-05-01,SOFT,BKS6E,2500,OTA,f,1,0,,
S01_2026-05-02,S01,2026-05-02,SOFT,BKS6E,2500,OTA,f,1,0,,
S01_2026-05-03,S01,2026-05-03,SOFT,BKS6E,2500,OTA,f,1,0,,
D03_2026-04-30,D03,2026-04-30,SOFT,BKD4D,5000,OTA,f,1,0,,
D09_2026-05-02,D09,2026-05-02,EMPTY,,6000,OTA,f,1,0,,
S01_2026-05-04,S01,2026-05-04,SOFT,BKS6E,2500,OTA,f,1,0,,
U07_2026-05-06,U07,2026-05-06,SOFT,BKU2E,10500,OTA,f,1,0,,
E04_2026-04-09,E04,2026-04-09,EMPTY,,1500,OTA,f,1,0,,
E04_2026-04-10,E04,2026-04-10,EMPTY,,1500,OTA,f,1,0,,
S08_2026-05-02,S08,2026-05-02,EMPTY,,3000,OTA,f,1,0,,
S04_2026-04-08,S04,2026-04-08,SOFT,BKS4A,2800,OTA,f,1,0,,
S08_2026-05-03,S08,2026-05-03,EMPTY,,3000,OTA,f,1,0,,
S04_2026-04-19,S04,2026-04-19,SOFT,BKS10B,2800,DIRECT,f,1,0,,
S08_2026-05-04,S08,2026-05-04,EMPTY,,3000,OTA,f,1,0,,
S06_2026-04-14,S06,2026-04-14,SOFT,BKS7B,2800,OTA,f,1,0,,
S06_2026-06-20,S06,2026-06-20,EMPTY,,2800,DIRECT,f,1,0,,
S06_2026-06-21,S06,2026-06-21,EMPTY,,2800,DIRECT,f,1,0,,
S06_2026-04-17,S06,2026-04-17,SOFT,BKS7B,2800,OTA,f,1,0,,
S06_2026-04-18,S06,2026-04-18,SOFT,BKS7B,2800,OTA,f,1,0,,
S08_2026-05-05,S08,2026-05-05,EMPTY,,3000,OTA,f,1,0,,
S04_2026-05-07,S04,2026-05-07,EMPTY,,2800,OTA,f,1,0,,
S05_2026-04-08,S05,2026-04-08,SOFT,BKS5A,2800,OTA,f,1,0,,
S08_2026-05-06,S08,2026-05-06,EMPTY,,3000,OTA,f,1,0,,
S03_2026-04-25,S03,2026-04-25,EMPTY,,2500,DIRECT,f,1,0,,
U09_2026-04-17,U09,2026-04-17,SOFT,BKU9B,11000,OTA,f,1,0,,
U09_2026-04-18,U09,2026-04-18,SOFT,BKU9B,11000,OTA,f,1,0,,
S05_2026-04-14,S05,2026-04-14,HARD,,2800,OTA,f,1,0,,
S05_2026-04-15,S05,2026-04-15,HARD,,2800,OTA,f,1,0,,
S05_2026-04-16,S05,2026-04-16,HARD,,2800,OTA,f,1,0,,
U09_2026-04-19,U09,2026-04-19,SOFT,BKU9B,11000,OTA,f,1,0,,
U09_2026-04-20,U09,2026-04-20,SOFT,BKU9B,11000,OTA,f,1,0,,
S05_2026-05-01,S05,2026-05-01,EMPTY,,2800,OTA,f,1,0,,
S05_2026-05-02,S05,2026-05-02,EMPTY,,2800,OTA,f,1,0,,
S05_2026-05-03,S05,2026-05-03,EMPTY,,2800,OTA,f,1,0,,
S05_2026-05-04,S05,2026-05-04,EMPTY,,2800,OTA,f,1,0,,
S05_2026-05-05,S05,2026-05-05,EMPTY,,2800,OTA,f,1,0,,
S04_2026-04-20,S04,2026-04-20,SOFT,BKS10B,2800,DIRECT,f,1,0,,
S05_2026-05-06,S05,2026-05-06,EMPTY,,2800,OTA,f,1,0,,
S05_2026-05-07,S05,2026-05-07,EMPTY,,2800,OTA,f,1,0,,
S06_2026-04-08,S06,2026-04-08,SOFT,BKS6A,2800,OTA,f,1,0,,
S06_2026-04-09,S06,2026-04-09,SOFT,BKS6A,2800,OTA,f,1,0,,
S06_2026-04-13,S06,2026-04-13,EMPTY,,2800,OTA,f,1,0,,
U09_2026-04-21,U09,2026-04-21,SOFT,BKU9B,11000,OTA,f,1,0,,
U09_2026-04-22,U09,2026-04-22,SOFT,BKU9B,11000,OTA,f,1,0,,
U09_2026-04-23,U09,2026-04-23,SOFT,BKU9B,11000,OTA,f,1,0,,
U09_2026-04-24,U09,2026-04-24,SOFT,BKU9B,11000,OTA,f,1,0,,
S04_2026-05-05,S04,2026-05-05,SOFT,BKS7E,2800,OTA,f,1,0,,
S04_2026-05-06,S04,2026-05-06,SOFT,BKS7E,2800,OTA,f,1,0,,
S06_2026-04-19,S06,2026-04-19,SOFT,BKS6C,2800,DIRECT,f,1,0,,
S06_2026-04-22,S06,2026-04-22,SOFT,BKS6C,2800,DIRECT,f,1,0,,
S04_2026-04-21,S04,2026-04-21,SOFT,BKS10B,2800,DIRECT,f,1,0,,
U09_2026-05-06,U09,2026-05-06,SOFT,BKU4D,11000,DIRECT,f,1,0,,
S04_2026-04-22,S04,2026-04-22,SOFT,BKS10B,2800,DIRECT,f,1,0,,
S05_2026-04-13,S05,2026-04-13,EMPTY,,2500,OTA,t,1,0,,
S06_2026-04-10,S06,2026-04-10,EMPTY,,2800,OTA,f,1,0,,
S03_2026-04-20,S03,2026-04-20,SOFT,E9EF4DD6,2500,OTA,f,1,0,,
S03_2026-04-21,S03,2026-04-21,SOFT,E9EF4DD6,2500,OTA,f,1,0,,
E02_2026-04-10,E02,2026-04-10,EMPTY,,1500,OTA,f,1,0,,
S06_2026-04-11,S06,2026-04-11,EMPTY,,2800,OTA,f,1,0,,
S06_2026-04-12,S06,2026-04-12,EMPTY,,2800,OTA,f,1,0,,
E02_2026-04-11,E02,2026-04-11,EMPTY,,1500,OTA,f,1,0,,
E02_2026-04-12,E02,2026-04-12,EMPTY,,1500,OTA,f,1,0,,
E02_2026-04-13,E02,2026-04-13,EMPTY,,1500,OTA,f,1,0,,
E02_2026-04-14,E02,2026-04-14,EMPTY,,1500,OTA,f,1,0,,
E02_2026-04-15,E02,2026-04-15,EMPTY,,1500,OTA,f,1,0,,
E05_2026-04-09,E05,2026-04-09,EMPTY,,1500,OTA,f,1,0,,
E05_2026-04-10,E05,2026-04-10,EMPTY,,1500,OTA,f,1,0,,
E05_2026-04-11,E05,2026-04-11,EMPTY,,1500,OTA,f,1,0,,
E05_2026-04-12,E05,2026-04-12,EMPTY,,1500,OTA,f,1,0,,
S07_2026-04-25,S07,2026-04-25,EMPTY,,3000,OTA,f,1,0,,
S07_2026-04-19,S07,2026-04-19,EMPTY,,3000,OTA,f,1,0,,
S06_2026-05-07,S06,2026-05-07,EMPTY,,2800,OTA,f,1,0,,
S07_2026-04-08,S07,2026-04-08,SOFT,BKS7A,3000,OTA,f,1,0,,
S07_2026-04-09,S07,2026-04-09,SOFT,BKS7A,3000,OTA,f,1,0,,
S07_2026-05-02,S07,2026-05-02,EMPTY,,3000,OTA,f,1,0,,
S07_2026-04-13,S07,2026-04-13,EMPTY,,3000,OTA,f,1,0,,
S07_2026-05-03,S07,2026-05-03,EMPTY,,3000,OTA,f,1,0,,
S07_2026-04-22,S07,2026-04-22,EMPTY,,3000,DIRECT,f,1,0,,
S07_2026-04-23,S07,2026-04-23,EMPTY,,3000,DIRECT,f,1,0,,
S04_2026-04-30,S04,2026-04-30,EMPTY,,2800,OTA,f,1,0,,
S04_2026-05-01,S04,2026-05-01,EMPTY,,2800,OTA,f,1,0,,
S10_2026-04-26,S10,2026-04-26,EMPTY,,3200,OTA,f,1,0,,
S10_2026-04-27,S10,2026-04-27,EMPTY,,3200,OTA,f,1,0,,
S07_2026-05-04,S07,2026-05-04,EMPTY,,3000,OTA,f,1,0,,
S07_2026-05-05,S07,2026-05-05,EMPTY,,3000,OTA,f,1,0,,
S10_2026-04-18,S10,2026-04-18,EMPTY,,3200,OTA,f,1,0,,
S07_2026-05-01,S07,2026-05-01,EMPTY,,3000,OTA,f,1,0,,
S07_2026-05-07,S07,2026-05-07,EMPTY,,3000,OTA,f,1,0,,
S08_2026-04-08,S08,2026-04-08,EMPTY,,3000,OTA,f,1,0,,
S08_2026-04-25,S08,2026-04-25,SOFT,BKS8C,3000,DIRECT,f,1,0,,
S08_2026-04-26,S08,2026-04-26,SOFT,BKS8C,3000,DIRECT,f,1,0,,
S08_2026-04-27,S08,2026-04-27,SOFT,BKS8C,3000,DIRECT,f,1,0,,
S08_2026-04-28,S08,2026-04-28,SOFT,BKS8C,3000,DIRECT,f,1,0,,
S08_2026-04-29,S08,2026-04-29,SOFT,BKS8C,3000,DIRECT,f,1,0,,
S08_2026-04-30,S08,2026-04-30,SOFT,BKS8C,3000,DIRECT,f,1,0,,
S08_2026-05-01,S08,2026-05-01,EMPTY,,3000,OTA,f,1,0,,
S07_2026-04-10,S07,2026-04-10,EMPTY,,3000,OTA,f,1,0,,
S07_2026-04-11,S07,2026-04-11,EMPTY,,3000,OTA,f,1,0,,
S08_2026-05-07,S08,2026-05-07,EMPTY,,3000,OTA,f,1,0,,
S09_2026-04-08,S09,2026-04-08,SOFT,BKS9A,3000,OTA,f,1,0,,
S09_2026-04-09,S09,2026-04-09,SOFT,BKS9A,3000,OTA,f,1,0,,
S09_2026-04-10,S09,2026-04-10,SOFT,BKS9A,3000,OTA,f,1,0,,
S10_2026-04-19,S10,2026-04-19,EMPTY,,3200,OTA,f,1,0,,
S10_2026-04-20,S10,2026-04-20,EMPTY,,3200,OTA,f,1,0,,
S10_2026-04-21,S10,2026-04-21,EMPTY,,3200,OTA,f,1,0,,
S10_2026-04-22,S10,2026-04-22,EMPTY,,3200,OTA,f,1,0,,
S10_2026-04-23,S10,2026-04-23,EMPTY,,3200,OTA,f,1,0,,
S07_2026-04-24,S07,2026-04-24,EMPTY,,3000,DIRECT,f,1,0,,
S10_2026-04-24,S10,2026-04-24,EMPTY,,3200,OTA,f,1,0,,
S10_2026-04-25,S10,2026-04-25,EMPTY,,3200,OTA,f,1,0,,
S10_2026-04-28,S10,2026-04-28,EMPTY,,3200,OTA,f,1,0,,
S10_2026-04-29,S10,2026-04-29,EMPTY,,3200,OTA,f,1,0,,
S10_2026-04-30,S10,2026-04-30,EMPTY,,3200,OTA,f,1,0,,
S07_2026-05-06,S07,2026-05-06,EMPTY,,3000,OTA,f,1,0,,
S01_2026-05-06,S01,2026-05-06,EMPTY,,2500,OTA,f,1,0,,
S01_2026-05-07,S01,2026-05-07,EMPTY,,2500,OTA,f,1,0,,
S09_2026-04-11,S09,2026-04-11,SOFT,439922E0,3000,OTA,f,1,0,,
S07_2026-04-20,S07,2026-04-20,SOFT,3CB9B1D5,3000,DIRECT,f,1,0,,
S07_2026-04-21,S07,2026-04-21,SOFT,3CB9B1D5,3000,DIRECT,f,1,0,,
S08_2026-04-12,S08,2026-04-12,EMPTY,,3000,OTA,f,1,0,,
S06_2026-05-06,S06,2026-05-06,SOFT,BKS9C,2800,OTA,f,1,0,,
S09_2026-04-12,S09,2026-04-12,SOFT,439922E0,3000,OTA,f,1,0,,
S09_2026-04-13,S09,2026-04-13,SOFT,439922E0,3000,OTA,f,1,0,,
S09_2026-04-14,S09,2026-04-14,SOFT,439922E0,3000,OTA,f,1,0,,
S09_2026-04-16,S09,2026-04-16,SOFT,439922E0,3000,OTA,f,1,0,,
S09_2026-04-17,S09,2026-04-17,SOFT,439922E0,3000,OTA,f,1,0,,
S09_2026-04-28,S09,2026-04-28,SOFT,BA1E69C3,3000,OTA,f,1,0,,
S01_2026-05-05,S01,2026-05-05,SOFT,BKS6E,2500,OTA,f,1,0,,
S09_2026-05-07,S09,2026-05-07,EMPTY,,3000,OTA,f,1,0,,
S10_2026-04-08,S10,2026-04-08,SOFT,BKS10A,3200,OTA,f,1,0,,
S10_2026-04-09,S10,2026-04-09,SOFT,BKS10A,3200,OTA,f,1,0,,
S10_2026-04-10,S10,2026-04-10,SOFT,BKS10A,3200,OTA,f,1,0,,
S09_2026-04-15,S09,2026-04-15,SOFT,439922E0,3000,OTA,t,1,0,,
S03_2026-04-26,S03,2026-04-26,EMPTY,,2500,DIRECT,f,1,0,,
S02_2026-05-01,S02,2026-05-01,EMPTY,,2500,OTA,f,1,0,,
S09_2026-05-02,S09,2026-05-02,SOFT,BKS8D,3000,OTA,f,1,0,,
S09_2026-05-03,S09,2026-05-03,SOFT,BKS8D,3000,OTA,f,1,0,,
S09_2026-05-04,S09,2026-05-04,SOFT,BKS8D,3000,OTA,f,1,0,,
S09_2026-05-05,S09,2026-05-05,SOFT,BKS8D,3000,OTA,f,1,0,,
S09_2026-05-06,S09,2026-05-06,SOFT,BKS8D,3000,OTA,f,1,0,,
D01_2026-05-07,D01,2026-05-07,EMPTY,,5000,OTA,f,1,0,,
S10_2026-04-11,S10,2026-04-11,EMPTY,,3200,OTA,f,1,0,,
S10_2026-05-07,S10,2026-05-07,EMPTY,,3200,OTA,f,1,0,,
D02_2026-04-12,D02,2026-04-12,EMPTY,,4500,OTA,t,1,0,,
S03_2026-04-18,S03,2026-04-18,EMPTY,,2500,OTA,f,1,0,,
D01_2026-05-01,D01,2026-05-01,SOFT,BKD1D,5000,OTA,f,1,0,,
D01_2026-05-02,D01,2026-05-02,SOFT,BKD1D,5000,OTA,f,1,0,,
D01_2026-05-03,D01,2026-05-03,SOFT,BKD1D,5000,OTA,f,1,0,,
D01_2026-05-04,D01,2026-05-04,SOFT,BKD1D,5000,OTA,f,1,0,,
D01_2026-05-05,D01,2026-05-05,SOFT,BKD1D,5000,OTA,f,1,0,,
D01_2026-05-06,D01,2026-05-06,SOFT,BKD1D,5000,OTA,f,1,0,,
D02_2026-04-08,D02,2026-04-08,HARD,,5000,OTA,f,1,0,,
D02_2026-04-09,D02,2026-04-09,HARD,,5000,OTA,f,1,0,,
D02_2026-04-10,D02,2026-04-10,HARD,,5000,OTA,f,1,0,,
D02_2026-04-11,D02,2026-04-11,HARD,,5000,OTA,f,1,0,,
D02_2026-04-13,D02,2026-04-13,EMPTY,,5000,OTA,f,1,0,,
D02_2026-04-14,D02,2026-04-14,HARD,,5000,OTA,f,1,0,,
D02_2026-04-15,D02,2026-04-15,HARD,,5000,OTA,f,1,0,,
D02_2026-04-16,D02,2026-04-16,HARD,,5000,OTA,f,1,0,,
E02_2026-04-17,E02,2026-04-17,EMPTY,,1500,OTA,f,1,0,,
D07_2026-04-25,D07,2026-04-25,SOFT,BKD8C,6000,DIRECT,f,1,0,,
E02_2026-04-18,E02,2026-04-18,EMPTY,,1500,OTA,f,1,0,,
E02_2026-04-19,E02,2026-04-19,EMPTY,,1500,OTA,f,1,0,,
E02_2026-04-20,E02,2026-04-20,EMPTY,,1500,OTA,f,1,0,,
S03_2026-04-19,S03,2026-04-19,EMPTY,,2500,OTA,f,1,0,,
E02_2026-04-21,E02,2026-04-21,EMPTY,,1500,OTA,f,1,0,,
D01_2026-04-30,D01,2026-04-30,SOFT,BKD2D,5000,OTA,f,1,0,,
S10_2026-04-12,S10,2026-04-12,EMPTY,,3200,OTA,f,1,0,,
S10_2026-04-13,S10,2026-04-13,EMPTY,,3200,OTA,f,1,0,,
S10_2026-04-14,S10,2026-04-14,EMPTY,,3200,OTA,f,1,0,,
S10_2026-04-15,S10,2026-04-15,EMPTY,,3200,OTA,f,1,0,,
S10_2026-04-16,S10,2026-04-16,EMPTY,,3200,OTA,f,1,0,,
S10_2026-04-17,S10,2026-04-17,EMPTY,,3200,OTA,f,1,0,,
E02_2026-04-22,E02,2026-04-22,EMPTY,,1500,OTA,f,1,0,,
D01_2026-04-15,D01,2026-04-15,SOFT,BKD6B,5000,OTA,f,1,0,,
D01_2026-04-16,D01,2026-04-16,SOFT,BKD6B,5000,OTA,f,1,0,,
E02_2026-04-23,E02,2026-04-23,EMPTY,,1500,OTA,f,1,0,,
E02_2026-04-24,E02,2026-04-24,EMPTY,,1500,OTA,f,1,0,,
D03_2026-04-13,D03,2026-04-13,EMPTY,,4500,OTA,t,1,0,,
D02_2026-05-02,D02,2026-05-02,EMPTY,,5000,OTA,f,1,0,,
S02_2026-05-03,S02,2026-05-03,SOFT,4DEFF301,2500,DIRECT,f,1,0,,
S09_2026-04-29,S09,2026-04-29,EMPTY,,3000,OTA,f,1,0,,
D02_2026-05-07,D02,2026-05-07,EMPTY,,5000,OTA,f,1,0,,
D01_2026-04-23,D01,2026-04-23,SOFT,55F8FF52,5000,OTA,f,1,0,,
D09_2026-04-27,D09,2026-04-27,EMPTY,,6000,OTA,f,1,0,,
D03_2026-04-26,D03,2026-04-26,EMPTY,,5000,DIRECT,f,1,0,,
D09_2026-04-28,D09,2026-04-28,EMPTY,,6000,OTA,f,1,0,,
D03_2026-04-27,D03,2026-04-27,SOFT,BKD4D,5000,DIRECT,f,1,0,,
D03_2026-04-28,D03,2026-04-28,SOFT,BKD4D,5000,DIRECT,f,1,0,,
D03_2026-05-01,D03,2026-05-01,SOFT,BKD3D,5000,OTA,f,1,0,,
D03_2026-05-02,D03,2026-05-02,SOFT,BKD3D,5000,OTA,f,1,0,,
D03_2026-05-03,D03,2026-05-03,SOFT,BKD3D,5000,OTA,f,1,0,,
D03_2026-05-04,D03,2026-05-04,SOFT,BKD3D,5000,OTA,f,1,0,,
D03_2026-05-05,D03,2026-05-05,SOFT,BKD3D,5000,OTA,f,1,0,,
D03_2026-05-06,D03,2026-05-06,EMPTY,,5000,OTA,f,1,0,,
D03_2026-05-07,D03,2026-05-07,EMPTY,,5000,OTA,f,1,0,,
S09_2026-04-30,S09,2026-04-30,EMPTY,,3000,OTA,f,1,0,,
S09_2026-05-01,S09,2026-05-01,EMPTY,,3000,OTA,f,1,0,,
D03_2026-04-29,D03,2026-04-29,SOFT,BKD4D,5000,DIRECT,f,1,0,,
S02_2026-05-02,S02,2026-05-02,EMPTY,,2500,OTA,f,1,0,,
E12_2026-05-17,E12,2026-05-17,EMPTY,,1500,DIRECT,f,1,0,,
S03_2026-05-05,S03,2026-05-05,EMPTY,,2500,OTA,f,1,0,,
S02_2026-05-04,S02,2026-05-04,EMPTY,,2500,OTA,f,1,0,,
D04_2026-05-07,D04,2026-05-07,EMPTY,,5500,OTA,f,1,0,,
S02_2026-05-05,S02,2026-05-05,EMPTY,,2500,OTA,f,1,0,,
D04_2026-05-03,D04,2026-05-03,SOFT,BKD5D,5500,OTA,f,1,0,,
D04_2026-05-04,D04,2026-05-04,SOFT,BKD5D,5500,OTA,f,1,0,,
S03_2026-05-06,S03,2026-05-06,EMPTY,,2500,OTA,f,1,0,,
S03_2026-05-07,S03,2026-05-07,EMPTY,,2500,OTA,f,1,0,,
D03_2026-04-08,D03,2026-04-08,SOFT,BKD9A,5000,OTA,f,1,0,,
D03_2026-04-09,D03,2026-04-09,SOFT,BKD9A,5000,OTA,f,1,0,,
D03_2026-04-10,D03,2026-04-10,SOFT,BKD9A,5000,OTA,f,1,0,,
D03_2026-04-11,D03,2026-04-11,SOFT,BKD9A,5000,OTA,f,1,0,,
D03_2026-04-12,D03,2026-04-12,SOFT,BKD9A,5000,OTA,f,1,0,,
D04_2026-05-05,D04,2026-05-05,SOFT,BKD5D,5500,OTA,f,1,0,,
S02_2026-04-26,S02,2026-04-26,SOFT,BKS8C,2500,OTA,t,1,0,,
S01_2026-04-12,S01,2026-04-12,SOFT,BKS5A,2500,OTA,t,1,0,,
D07_2026-04-26,D07,2026-04-26,SOFT,BKD8C,5500,OTA,t,1,0,,
S06_2026-04-30,S06,2026-04-30,SOFT,BKS4E,2800,OTA,f,1,0,,
D04_2026-05-06,D04,2026-05-06,SOFT,BKD5D,5500,OTA,f,1,0,,
D07_2026-04-27,D07,2026-04-27,SOFT,BKD8C,6000,OTA,f,1,0,,
S10_2026-05-01,S10,2026-05-01,EMPTY,,3200,OTA,f,1,0,,
S10_2026-05-02,S10,2026-05-02,EMPTY,,3200,OTA,f,1,0,,
S10_2026-05-03,S10,2026-05-03,EMPTY,,3200,OTA,f,1,0,,
S10_2026-05-04,S10,2026-05-04,EMPTY,,3200,OTA,f,1,0,,
S10_2026-05-05,S10,2026-05-05,EMPTY,,3200,OTA,f,1,0,,
S10_2026-05-06,S10,2026-05-06,EMPTY,,3200,OTA,f,1,0,,
S06_2026-05-01,S06,2026-05-01,SOFT,BKS4E,2800,OTA,f,1,0,,
D07_2026-04-28,D07,2026-04-28,SOFT,BKD8C,6000,OTA,f,1,0,,
S06_2026-05-02,S06,2026-05-02,SOFT,BKS4E,2800,OTA,f,1,0,,
D07_2026-04-29,D07,2026-04-29,SOFT,BKD8C,6000,OTA,f,1,0,,
S03_2026-05-02,S03,2026-05-02,SOFT,BKS4E,2500,OTA,f,1,0,,
S03_2026-05-03,S03,2026-05-03,SOFT,BKS4E,2500,OTA,f,1,0,,
S03_2026-05-04,S03,2026-05-04,SOFT,BKS4E,2500,OTA,f,1,0,,
S06_2026-05-03,S06,2026-05-03,SOFT,BKS4E,2800,OTA,f,1,0,,
S06_2026-05-04,S06,2026-05-04,SOFT,BKS4E,2800,OTA,f,1,0,,
S03_2026-04-30,S03,2026-04-30,SOFT,BKS4E,2500,OTA,f,1,0,,
S03_2026-05-01,S03,2026-05-01,SOFT,BKS4E,2500,OTA,f,1,0,,
E12_2026-05-18,E12,2026-05-18,EMPTY,,1500,DIRECT,f,1,0,,
E12_2026-05-19,E12,2026-05-19,EMPTY,,1500,DIRECT,f,1,0,,
E12_2026-05-20,E12,2026-05-20,EMPTY,,1500,DIRECT,f,1,0,,
E12_2026-05-21,E12,2026-05-21,EMPTY,,1500,DIRECT,f,1,0,,
E12_2026-05-22,E12,2026-05-22,EMPTY,,1500,DIRECT,f,1,0,,
E12_2026-05-23,E12,2026-05-23,EMPTY,,1500,DIRECT,f,1,0,,
E12_2026-05-24,E12,2026-05-24,EMPTY,,1500,DIRECT,f,1,0,,
E12_2026-05-25,E12,2026-05-25,EMPTY,,1500,DIRECT,f,1,0,,
E12_2026-05-26,E12,2026-05-26,EMPTY,,1500,DIRECT,f,1,0,,
E12_2026-05-27,E12,2026-05-27,EMPTY,,1500,DIRECT,f,1,0,,
D05_2026-05-02,D05,2026-05-02,EMPTY,,5500,OTA,f,1,0,,
D05_2026-05-07,D05,2026-05-07,EMPTY,,5500,OTA,f,1,0,,
D05_2026-05-03,D05,2026-05-03,EMPTY,,5500,OTA,f,1,0,,
D05_2026-05-04,D05,2026-05-04,EMPTY,,5500,OTA,f,1,0,,
D05_2026-05-05,D05,2026-05-05,EMPTY,,5500,OTA,f,1,0,,
D05_2026-05-06,D05,2026-05-06,EMPTY,,5500,OTA,f,1,0,,
D03_2026-04-14,D03,2026-04-14,SOFT,BKD7B,5000,OTA,f,1,0,,
D03_2026-04-15,D03,2026-04-15,SOFT,BKD7B,5000,OTA,f,1,0,,
S03_2026-04-27,S03,2026-04-27,EMPTY,,2500,DIRECT,f,1,0,,
S04_2026-05-02,S04,2026-05-02,SOFT,BKS7E,2800,OTA,f,1,0,,
S04_2026-05-03,S04,2026-05-03,SOFT,BKS7E,2800,OTA,f,1,0,,
S04_2026-05-04,S04,2026-05-04,SOFT,BKS7E,2800,OTA,f,1,0,,
D08_2026-04-08,D08,2026-04-08,SOFT,BKD8A,6000,OTA,f,1,0,,
D08_2026-04-09,D08,2026-04-09,SOFT,BKD8A,6000,OTA,f,1,0,,
D07_2026-05-01,D07,2026-05-01,EMPTY,,6000,OTA,f,1,0,,
D07_2026-05-02,D07,2026-05-02,EMPTY,,6000,OTA,f,1,0,,
S01_2026-05-12,S01,2026-05-12,SOFT,77A4252F,2500,DIRECT,f,1,0,,
S01_2026-05-13,S01,2026-05-13,SOFT,77A4252F,2500,DIRECT,f,1,0,,
D06_2026-05-02,D06,2026-05-02,EMPTY,,5500,OTA,f,1,0,,
D06_2026-05-07,D06,2026-05-07,EMPTY,,5500,OTA,f,1,0,,
D07_2026-04-08,D07,2026-04-08,SOFT,BKD7A,6000,OTA,f,1,0,,
D07_2026-04-09,D07,2026-04-09,SOFT,BKD7A,6000,OTA,f,1,0,,
S01_2026-04-13,S01,2026-04-13,SOFT,BKS10A,2500,OTA,f,1,0,,
D07_2026-05-07,D07,2026-05-07,SOFT,BKD7E,6000,OTA,f,1,0,,
E05_2026-04-17,E05,2026-04-17,EMPTY,,1500,OTA,f,1,0,,
E05_2026-04-18,E05,2026-04-18,EMPTY,,1500,OTA,f,1,0,,
E05_2026-04-19,E05,2026-04-19,EMPTY,,1500,OTA,f,1,0,,
D08_2026-04-12,D08,2026-04-12,EMPTY,,6000,OTA,f,1,0,,
E05_2026-04-20,E05,2026-04-20,EMPTY,,1500,OTA,f,1,0,,
E05_2026-04-21,E05,2026-04-21,EMPTY,,1500,OTA,f,1,0,,
E05_2026-04-22,E05,2026-04-22,EMPTY,,1500,OTA,f,1,0,,
E05_2026-04-23,E05,2026-04-23,EMPTY,,1500,OTA,f,1,0,,
E05_2026-04-24,E05,2026-04-24,EMPTY,,1500,OTA,f,1,0,,
E05_2026-04-25,E05,2026-04-25,EMPTY,,1500,OTA,f,1,0,,
E05_2026-04-26,E05,2026-04-26,EMPTY,,1500,OTA,f,1,0,,
E05_2026-04-27,E05,2026-04-27,EMPTY,,1500,OTA,f,1,0,,
E05_2026-04-28,E05,2026-04-28,EMPTY,,1500,OTA,f,1,0,,
E05_2026-04-29,E05,2026-04-29,EMPTY,,1500,OTA,f,1,0,,
E05_2026-04-30,E05,2026-04-30,EMPTY,,1500,OTA,f,1,0,,
S01_2026-04-09,S01,2026-04-09,SOFT,BKS5A,2500,OTA,f,1,0,,
S01_2026-04-10,S01,2026-04-10,SOFT,BKS5A,2500,OTA,f,1,0,,
D08_2026-04-15,D08,2026-04-15,EMPTY,,6000,OTA,f,1,0,,
D07_2026-05-03,D07,2026-05-03,SOFT,BKD6E,6000,OTA,f,1,0,,
D07_2026-05-04,D07,2026-05-04,SOFT,BKD6E,6000,OTA,f,1,0,,
D07_2026-05-05,D07,2026-05-05,SOFT,BKD6E,6000,OTA,f,1,0,,
D07_2026-05-06,D07,2026-05-06,SOFT,BKD6E,6000,OTA,f,1,0,,
E05_2026-05-01,E05,2026-05-01,EMPTY,,1500,OTA,f,1,0,,
E05_2026-05-02,E05,2026-05-02,EMPTY,,1500,OTA,f,1,0,,
E05_2026-05-03,E05,2026-05-03,EMPTY,,1500,OTA,f,1,0,,
E05_2026-05-04,E05,2026-05-04,EMPTY,,1500,OTA,f,1,0,,
E05_2026-05-05,E05,2026-05-05,EMPTY,,1500,OTA,f,1,0,,
E05_2026-05-06,E05,2026-05-06,EMPTY,,1500,OTA,f,1,0,,
E11_2026-04-10,E11,2026-04-10,EMPTY,,1500,OTA,f,1,0,,
D08_2026-05-01,D08,2026-05-01,SOFT,BKD8D,6000,OTA,f,1,0,,
D08_2026-05-02,D08,2026-05-02,SOFT,BKD8D,6000,OTA,f,1,0,,
D08_2026-05-03,D08,2026-05-03,SOFT,BKD8D,6000,OTA,f,1,0,,
D08_2026-05-04,D08,2026-05-04,SOFT,BKD8D,6000,OTA,f,1,0,,
D08_2026-05-05,D08,2026-05-05,SOFT,BKD8D,6000,OTA,f,1,0,,
D08_2026-05-06,D08,2026-05-06,EMPTY,,6000,OTA,f,1,0,,
D08_2026-05-07,D08,2026-05-07,EMPTY,,6000,OTA,f,1,0,,
D09_2026-05-05,D09,2026-05-05,EMPTY,,6000,DIRECT,f,1,0,,
S03_2026-04-10,S03,2026-04-10,SOFT,BKS7A,2500,OTA,f,1,0,,
D09_2026-05-06,D09,2026-05-06,EMPTY,,6000,DIRECT,f,1,0,,
D10_2026-05-03,D10,2026-05-03,SOFT,BKD2E,6500,OTA,f,1,0,,
S02_2026-05-06,S02,2026-05-06,EMPTY,,2500,OTA,f,1,0,,
D10_2026-05-04,D10,2026-05-04,SOFT,BKD2E,6500,OTA,f,1,0,,
D10_2026-04-20,D10,2026-04-20,SOFT,BKD2C,6500,OTA,f,1,0,,
D08_2026-04-26,D08,2026-04-26,SOFT,31160F06,6000,DIRECT,f,1,0,,
D08_2026-04-27,D08,2026-04-27,SOFT,BKD6D,6000,DIRECT,f,1,0,,
D08_2026-04-28,D08,2026-04-28,SOFT,BKD6D,6000,DIRECT,f,1,0,,
D08_2026-04-29,D08,2026-04-29,SOFT,BKD6D,6000,DIRECT,f,1,0,,
D09_2026-05-03,D09,2026-05-03,EMPTY,,6000,OTA,f,1,0,,
D09_2026-05-07,D09,2026-05-07,EMPTY,,6000,OTA,f,1,0,,
S02_2026-05-07,S02,2026-05-07,EMPTY,,2500,OTA,f,1,0,,
D10_2026-04-13,D10,2026-04-13,EMPTY,,6500,OTA,f,1,0,,
S03_2026-04-15,S03,2026-04-15,SOFT,BKS6B,2500,OTA,f,1,0,,
D10_2026-04-26,D10,2026-04-26,EMPTY,,6500,OTA,f,1,0,,
D09_2026-04-26,D09,2026-04-26,EMPTY,,6000,OTA,f,1,0,,
D10_2026-05-07,D10,2026-05-07,EMPTY,,6500,OTA,f,1,0,,
U01_2026-04-08,U01,2026-04-08,SOFT,BKU1A,9000,OTA,f,1,0,,
U01_2026-04-09,U01,2026-04-09,SOFT,BKU1A,9000,OTA,f,1,0,,
U01_2026-04-10,U01,2026-04-10,SOFT,BKU1A,9000,OTA,f,1,0,,
U01_2026-04-11,U01,2026-04-11,SOFT,BKU1A,9000,OTA,f,1,0,,
U01_2026-04-12,U01,2026-04-12,SOFT,BKU1A,9000,OTA,f,1,0,,
S03_2026-04-16,S03,2026-04-16,SOFT,BKS6B,2500,OTA,f,1,0,,
S03_2026-04-17,S03,2026-04-17,SOFT,BKS6B,2500,OTA,f,1,0,,
D08_2026-04-30,D08,2026-04-30,SOFT,BKD6D,6000,OTA,f,1,0,,
D09_2026-05-04,D09,2026-05-04,EMPTY,,6000,DIRECT,f,1,0,,
D10_2026-05-05,D10,2026-05-05,SOFT,BKD2E,6500,OTA,f,1,0,,
D10_2026-05-06,D10,2026-05-06,SOFT,BKD2E,6500,OTA,f,1,0,,
S03_2026-04-23,S03,2026-04-23,EMPTY,,2500,OTA,f,1,0,,
S03_2026-04-13,S03,2026-04-13,SOFT,BKS8A,2500,OTA,f,1,0,,
S03_2026-04-14,S03,2026-04-14,SOFT,BKS6B,2500,OTA,f,1,0,,
S03_2026-04-09,S03,2026-04-09,EMPTY,,2500,OTA,f,1,0,,
E05_2026-05-07,E05,2026-05-07,EMPTY,,1500,OTA,f,1,0,,
E05_2026-05-08,E05,2026-05-08,EMPTY,,1500,OTA,f,1,0,,
E11_2026-04-13,E11,2026-04-13,EMPTY,,1500,OTA,f,1,0,,
E11_2026-04-14,E11,2026-04-14,EMPTY,,1500,OTA,f,1,0,,
E11_2026-04-15,E11,2026-04-15,EMPTY,,1500,OTA,f,1,0,,
E11_2026-04-16,E11,2026-04-16,EMPTY,,1500,OTA,f,1,0,,
E11_2026-04-17,E11,2026-04-17,EMPTY,,1500,OTA,f,1,0,,
E11_2026-04-18,E11,2026-04-18,EMPTY,,1500,OTA,f,1,0,,
E11_2026-04-19,E11,2026-04-19,EMPTY,,1500,OTA,f,1,0,,
D07_2026-04-21,D07,2026-04-21,SOFT,DCB245F1,6000,DIRECT,f,1,0,,
D07_2026-04-22,D07,2026-04-22,SOFT,DCB245F1,6000,DIRECT,f,1,0,,
D07_2026-04-23,D07,2026-04-23,SOFT,BKD8C,6000,DIRECT,f,1,0,,
S06_2026-04-23,S06,2026-04-23,SOFT,FD51F01C,2800,DIRECT,f,1,0,,
S06_2026-04-24,S06,2026-04-24,SOFT,BKS4D,2800,OTA,f,1,0,,
S06_2026-05-05,S06,2026-05-05,SOFT,BKS9C,2800,OTA,f,1,0,,
U01_2026-05-04,U01,2026-05-04,SOFT,BKU1E,9000,OTA,f,1,0,,
U01_2026-05-05,U01,2026-05-05,SOFT,BKU1E,9000,OTA,f,1,0,,
U01_2026-05-06,U01,2026-05-06,SOFT,BKU1E,9000,OTA,f,1,0,,
U01_2026-05-07,U01,2026-05-07,EMPTY,,9000,OTA,f,1,0,,
U02_2026-04-08,U02,2026-04-08,SOFT,BKU2A,9000,OTA,f,1,0,,
U02_2026-04-09,U02,2026-04-09,SOFT,BKU2A,9000,OTA,f,1,0,,
U02_2026-04-10,U02,2026-04-10,SOFT,BKU2A,9000,OTA,f,1,0,,
U02_2026-04-11,U02,2026-04-11,SOFT,BKU2A,9000,OTA,f,1,0,,
U02_2026-04-12,U02,2026-04-12,SOFT,BKU2A,9000,OTA,f,1,0,,
U02_2026-04-13,U02,2026-04-13,EMPTY,,8500,OTA,t,1,0,,
U03_2026-04-12,U03,2026-04-12,SOFT,67E3FD4B,9500,OTA,f,1,0,,
U03_2026-04-19,U03,2026-04-19,SOFT,67E3FD4B,9500,OTA,f,1,0,,
U03_2026-04-20,U03,2026-04-20,SOFT,67E3FD4B,9500,DIRECT,f,1,0,,
D07_2026-04-24,D07,2026-04-24,SOFT,BKD8C,6000,DIRECT,f,1,0,,
U03_2026-04-21,U03,2026-04-21,SOFT,67E3FD4B,9500,DIRECT,f,1,0,,
U03_2026-05-03,U03,2026-05-03,SOFT,BKU4C,9500,OTA,f,1,0,,
S03_2026-04-29,S03,2026-04-29,EMPTY,,2500,DIRECT,f,1,0,,
S04_2026-04-29,S04,2026-04-29,SOFT,BKS7D,2800,OTA,f,1,0,,
U02_2026-05-04,U02,2026-05-04,SOFT,BKU5E,9000,OTA,f,1,0,,
U02_2026-05-05,U02,2026-05-05,SOFT,BKU5E,9000,OTA,f,1,0,,
U02_2026-05-06,U02,2026-05-06,SOFT,BKU5E,9000,OTA,f,1,0,,
U02_2026-05-07,U02,2026-05-07,EMPTY,,9000,OTA,f,1,0,,
U03_2026-04-08,U03,2026-04-08,HARD,,9500,OTA,f,1,0,,
U03_2026-04-09,U03,2026-04-09,HARD,,9500,OTA,f,1,0,,
U03_2026-04-10,U03,2026-04-10,HARD,,9500,OTA,f,1,0,,
U03_2026-04-11,U03,2026-04-11,HARD,,9500,OTA,f,1,0,,
U03_2026-05-04,U03,2026-05-04,SOFT,BKU3E,9500,OTA,f,1,0,,
U03_2026-05-05,U03,2026-05-05,SOFT,BKU3E,9500,OTA,f,1,0,,
U03_2026-05-06,U03,2026-05-06,SOFT,BKU3E,9500,OTA,f,1,0,,
U03_2026-05-07,U03,2026-05-07,EMPTY,,9500,OTA,f,1,0,,
U04_2026-04-08,U04,2026-04-08,SOFT,BKU4A,9500,OTA,f,1,0,,
U04_2026-04-09,U04,2026-04-09,SOFT,BKU4A,9500,OTA,f,1,0,,
U04_2026-04-10,U04,2026-04-10,SOFT,BKU4A,9500,OTA,f,1,0,,
U04_2026-04-11,U04,2026-04-11,SOFT,BKU4A,9500,OTA,f,1,0,,
U04_2026-04-12,U04,2026-04-12,SOFT,BKU4A,9500,OTA,f,1,0,,
U04_2026-04-13,U04,2026-04-13,SOFT,BKU4A,9500,OTA,f,1,0,,
U04_2026-04-14,U04,2026-04-14,SOFT,BKU4A,9500,OTA,f,1,0,,
U04_2026-04-21,U04,2026-04-21,SOFT,BKU4B,9500,OTA,f,1,0,,
S01_2026-04-11,S01,2026-04-11,SOFT,BKS5A,2500,OTA,f,1,0,,
S05_2026-04-09,S05,2026-04-09,SOFT,BKS5A,2800,OTA,f,1,0,,
S05_2026-04-10,S05,2026-04-10,SOFT,BKS5A,2800,OTA,f,1,0,,
S05_2026-04-11,S05,2026-04-11,SOFT,BKS5A,2800,OTA,f,1,0,,
S05_2026-04-12,S05,2026-04-12,SOFT,BKS5A,2800,OTA,f,1,0,,
D07_2026-04-30,D07,2026-04-30,EMPTY,,6000,OTA,f,1,0,,
E11_2026-05-05,E11,2026-05-05,EMPTY,,1500,OTA,f,1,0,,
E11_2026-05-06,E11,2026-05-06,EMPTY,,1500,OTA,f,1,0,,
E11_2026-05-07,E11,2026-05-07,EMPTY,,1500,OTA,f,1,0,,
E11_2026-05-08,E11,2026-05-08,EMPTY,,1500,OTA,f,1,0,,
E13_2026-06-09,E13,2026-06-09,SOFT,B9598ED2,1400,OTA,f,1,0,Priceline,
E13_2026-06-10,E13,2026-06-10,SOFT,B9598ED2,1400,OTA,f,1,0,Priceline,
E13_2026-06-11,E13,2026-06-11,SOFT,B9598ED2,1400,OTA,f,1,0,Priceline,
E13_2026-06-12,E13,2026-06-12,SOFT,0D33565C,1400,OTA,f,1,0,Priceline,
E13_2026-06-13,E13,2026-06-13,SOFT,0D33565C,1400,OTA,f,1,0,Priceline,
E13_2026-06-14,E13,2026-06-14,SOFT,0D33565C,1400,OTA,f,1,0,Priceline,
E13_2026-06-07,E13,2026-06-07,EMPTY,,1500,DIRECT,f,1,0,,
U04_2026-04-22,U04,2026-04-22,SOFT,BKU4B,9500,OTA,f,1,0,,
U04_2026-04-23,U04,2026-04-23,SOFT,BKU4B,9500,OTA,f,1,0,,
U04_2026-04-24,U04,2026-04-24,SOFT,BKU4B,9500,OTA,f,1,0,,
U04_2026-04-25,U04,2026-04-25,SOFT,BKU4B,9500,OTA,f,1,0,,
U04_2026-04-26,U04,2026-04-26,SOFT,BKU4B,9500,OTA,f,1,0,,
U04_2026-04-27,U04,2026-04-27,SOFT,BKU4B,9500,OTA,f,1,0,,
D03_2026-04-19,D03,2026-04-19,HARD,,5000,OTA,f,1,0,,
U04_2026-05-05,U04,2026-05-05,SOFT,BKU10C,9500,OTA,f,1,0,,
U04_2026-05-06,U04,2026-05-06,SOFT,BKU10C,9500,OTA,f,1,0,,
D03_2026-04-20,D03,2026-04-20,SOFT,72F5195F,5000,OTA,f,1,0,,
D03_2026-04-21,D03,2026-04-21,SOFT,72F5195F,5000,OTA,f,1,0,,
D03_2026-04-22,D03,2026-04-22,SOFT,72F5195F,5000,OTA,f,1,0,,
U04_2026-05-07,U04,2026-05-07,EMPTY,,9500,OTA,f,1,0,,
U05_2026-04-08,U05,2026-04-08,SOFT,BKU5A,10000,OTA,f,1,0,,
U05_2026-04-09,U05,2026-04-09,SOFT,BKU5A,10000,OTA,f,1,0,,
U05_2026-04-10,U05,2026-04-10,SOFT,BKU5A,10000,OTA,f,1,0,,
U05_2026-04-11,U05,2026-04-11,SOFT,BKU5A,10000,OTA,f,1,0,,
U05_2026-04-12,U05,2026-04-12,SOFT,BKU5A,10000,OTA,f,1,0,,
U05_2026-04-13,U05,2026-04-13,EMPTY,,10000,OTA,f,1,0,,
U05_2026-04-14,U05,2026-04-14,SOFT,BKU5B,10000,OTA,f,1,0,,
U05_2026-04-15,U05,2026-04-15,SOFT,BKU5B,10000,OTA,f,1,0,,
U05_2026-04-16,U05,2026-04-16,SOFT,BKU5B,10000,OTA,f,1,0,,
U05_2026-04-17,U05,2026-04-17,SOFT,BKU5B,10000,OTA,f,1,0,,
U05_2026-04-18,U05,2026-04-18,SOFT,BKU5B,10000,OTA,f,1,0,,
U05_2026-04-19,U05,2026-04-19,EMPTY,,10000,OTA,f,1,0,,
D03_2026-04-23,D03,2026-04-23,SOFT,72F5195F,5000,OTA,f,1,0,,
U05_2026-05-04,U05,2026-05-04,EMPTY,,10000,OTA,f,1,0,,
S01_2026-06-09,S01,2026-06-09,EMPTY,,2500,DIRECT,f,1,0,,
U05_2026-05-05,U05,2026-05-05,SOFT,BKU9D,10000,OTA,f,1,0,,
U05_2026-05-06,U05,2026-05-06,SOFT,BKU9D,10000,OTA,f,1,0,,
D03_2026-04-16,D03,2026-04-16,SOFT,BKD7B,5000,OTA,f,1,0,,
U05_2026-05-07,U05,2026-05-07,EMPTY,,10000,OTA,f,1,0,,
U06_2026-04-08,U06,2026-04-08,SOFT,BKU6A,10000,OTA,f,1,0,,
U06_2026-04-09,U06,2026-04-09,SOFT,BKU6A,10000,OTA,f,1,0,,
U06_2026-04-10,U06,2026-04-10,SOFT,BKU6A,10000,OTA,f,1,0,,
U06_2026-04-11,U06,2026-04-11,SOFT,BKU6A,10000,OTA,f,1,0,,
U06_2026-04-12,U06,2026-04-12,SOFT,BKU6A,10000,OTA,f,1,0,,
U06_2026-04-13,U06,2026-04-13,EMPTY,,10000,OTA,f,1,0,,
U06_2026-04-14,U06,2026-04-14,SOFT,BKU6B,10000,OTA,f,1,0,,
U06_2026-04-15,U06,2026-04-15,SOFT,BKU6B,10000,OTA,f,1,0,,
U06_2026-04-16,U06,2026-04-16,SOFT,BKU6B,10000,OTA,f,1,0,,
U06_2026-04-17,U06,2026-04-17,SOFT,BKU6B,10000,OTA,f,1,0,,
U06_2026-04-18,U06,2026-04-18,SOFT,BKU6B,10000,OTA,f,1,0,,
U06_2026-04-19,U06,2026-04-19,SOFT,BKU6B,10000,OTA,f,1,0,,
D03_2026-04-17,D03,2026-04-17,SOFT,BKD7B,5000,OTA,f,1,0,,
D03_2026-04-18,D03,2026-04-18,SOFT,BKD7B,5000,OTA,f,1,0,,
U06_2026-04-28,U06,2026-04-28,SOFT,BKU8D,10000,OTA,f,1,0,,
U06_2026-05-04,U06,2026-05-04,SOFT,BKU7D,10000,OTA,f,1,0,,
U06_2026-05-05,U06,2026-05-05,SOFT,BKU7D,10000,OTA,f,1,0,,
U06_2026-05-06,U06,2026-05-06,SOFT,BKU7D,10000,OTA,f,1,0,,
U04_2026-05-04,U04,2026-05-04,SOFT,BKU10C,9500,DIRECT,f,1,0,,
S01_2026-05-31,S01,2026-05-31,EMPTY,,2500,DIRECT,f,1,0,,
U06_2026-05-07,U06,2026-05-07,EMPTY,,10000,OTA,f,1,0,,
U07_2026-04-08,U07,2026-04-08,SOFT,BKU7A,10500,OTA,f,1,0,,
U07_2026-04-09,U07,2026-04-09,SOFT,BKU7A,10500,OTA,f,1,0,,
U07_2026-04-10,U07,2026-04-10,SOFT,BKU7A,10500,OTA,f,1,0,,
U07_2026-04-11,U07,2026-04-11,SOFT,BKU7A,10500,OTA,f,1,0,,
U07_2026-04-12,U07,2026-04-12,SOFT,BKU7A,10500,OTA,f,1,0,,
U07_2026-04-13,U07,2026-04-13,SOFT,BKU7A,10500,OTA,f,1,0,,
S01_2026-06-10,S01,2026-06-10,SOFT,DB8647A8,2330,OTA,f,1,0,Booking.com,
U07_2026-04-14,U07,2026-04-14,HARD,,10500,OTA,t,1,0,,
U05_2026-04-26,U05,2026-04-26,SOFT,BKU6C,10000,OTA,f,1,0,,
U05_2026-04-27,U05,2026-04-27,SOFT,BKU1D,10000,OTA,f,1,0,,
E11_2026-05-09,E11,2026-05-09,EMPTY,,1500,OTA,f,1,0,,
E13_2026-06-24,E13,2026-06-24,EMPTY,,1500,DIRECT,f,1,0,,
E13_2026-06-25,E13,2026-06-25,EMPTY,,1500,DIRECT,f,1,0,,
E13_2026-06-29,E13,2026-06-29,EMPTY,,1500,DIRECT,f,1,0,,
E13_2026-06-23,E13,2026-06-23,SOFT,39083514,1470,DIRECT,f,1,0,,
E13_2026-06-26,E13,2026-06-26,SOFT,49AE1514,1530,DIRECT,f,1,0,,
E13_2026-06-27,E13,2026-06-27,SOFT,49AE1514,1530,DIRECT,f,1,0,,
E13_2026-06-28,E13,2026-06-28,SOFT,49AE1514,1530,DIRECT,f,1,0,,
U09_2026-04-26,U09,2026-04-26,EMPTY,,11000,OTA,f,1,0,,
U07_2026-04-23,U07,2026-04-23,SOFT,BKU7C,10500,DIRECT,f,1,0,,
U07_2026-04-24,U07,2026-04-24,SOFT,BKU7C,10500,DIRECT,f,1,0,,
U07_2026-04-25,U07,2026-04-25,SOFT,BKU7C,10500,DIRECT,f,1,0,,
U07_2026-04-26,U07,2026-04-26,SOFT,BKU7C,10500,DIRECT,f,1,0,,
U07_2026-04-27,U07,2026-04-27,SOFT,BKU7C,10500,DIRECT,f,1,0,,
U07_2026-04-28,U07,2026-04-28,SOFT,BKU7C,10500,DIRECT,f,1,0,,
U07_2026-04-29,U07,2026-04-29,SOFT,BKU7C,10500,DIRECT,f,1,0,,
U07_2026-04-30,U07,2026-04-30,EMPTY,,10500,OTA,f,1,0,,
U07_2026-05-07,U07,2026-05-07,EMPTY,,10500,OTA,f,1,0,,
U08_2026-04-08,U08,2026-04-08,SOFT,BKU8A,10500,OTA,f,1,0,,
U08_2026-04-09,U08,2026-04-09,SOFT,BKU8A,10500,OTA,f,1,0,,
U08_2026-04-10,U08,2026-04-10,SOFT,BKU8A,10500,OTA,f,1,0,,
U08_2026-04-11,U08,2026-04-11,SOFT,BKU8A,10500,OTA,f,1,0,,
U08_2026-04-12,U08,2026-04-12,SOFT,BKU8A,10500,OTA,f,1,0,,
U08_2026-04-13,U08,2026-04-13,EMPTY,,10500,OTA,f,1,0,,
U08_2026-04-14,U08,2026-04-14,SOFT,BKU8B,10500,OTA,f,1,0,,
U08_2026-04-15,U08,2026-04-15,SOFT,BKU8B,10500,OTA,f,1,0,,
U08_2026-04-16,U08,2026-04-16,SOFT,BKU8B,10500,OTA,f,1,0,,
U08_2026-04-17,U08,2026-04-17,SOFT,BKU8B,10500,OTA,f,1,0,,
U08_2026-04-18,U08,2026-04-18,SOFT,BKU8B,10500,OTA,f,1,0,,
U08_2026-04-19,U08,2026-04-19,EMPTY,,10500,OTA,f,1,0,,
U10_2026-04-11,U10,2026-04-11,EMPTY,,11000,OTA,f,1,0,,
U07_2026-05-01,U07,2026-05-01,EMPTY,,10500,OTA,f,1,0,,
U07_2026-05-02,U07,2026-05-02,EMPTY,,10500,OTA,f,1,0,,
U07_2026-05-03,U07,2026-05-03,EMPTY,,10500,OTA,f,1,0,,
U07_2026-05-04,U07,2026-05-04,EMPTY,,10500,OTA,f,1,0,,
U09_2026-04-11,U09,2026-04-11,SOFT,BKU10A,9500,OTA,t,1,0,,
U09_2026-04-12,U09,2026-04-12,SOFT,BKU10A,11000,OTA,f,1,0,,
U09_2026-04-13,U09,2026-04-13,SOFT,BKU10A,11000,OTA,f,1,0,,
U09_2026-04-14,U09,2026-04-14,SOFT,BKU10A,11000,OTA,f,1,0,,
U09_2026-04-15,U09,2026-04-15,SOFT,BKU10A,11000,OTA,f,1,0,,
U09_2026-04-27,U09,2026-04-27,EMPTY,,11000,OTA,f,1,0,,
U09_2026-04-28,U09,2026-04-28,EMPTY,,11000,OTA,f,1,0,,
U08_2026-05-02,U08,2026-05-02,SOFT,BKU8E,10500,OTA,f,1,0,,
U08_2026-05-03,U08,2026-05-03,SOFT,BKU8E,10500,OTA,f,1,0,,
U08_2026-05-04,U08,2026-05-04,SOFT,BKU8E,10500,OTA,f,1,0,,
U08_2026-05-05,U08,2026-05-05,SOFT,BKU8E,10500,OTA,f,1,0,,
U08_2026-05-06,U08,2026-05-06,SOFT,BKU8E,10500,OTA,f,1,0,,
U08_2026-05-07,U08,2026-05-07,EMPTY,,10500,OTA,f,1,0,,
U09_2026-04-08,U09,2026-04-08,SOFT,BKU9A,11000,OTA,f,1,0,,
U09_2026-04-09,U09,2026-04-09,SOFT,BKU9A,11000,OTA,f,1,0,,
U09_2026-04-10,U09,2026-04-10,SOFT,BKU9A,11000,OTA,f,1,0,,
U09_2026-04-16,U09,2026-04-16,EMPTY,,11000,OTA,f,1,0,,
U09_2026-04-25,U09,2026-04-25,EMPTY,,11000,OTA,f,1,0,,
U09_2026-05-04,U09,2026-05-04,EMPTY,,11000,OTA,f,1,0,,
U09_2026-05-07,U09,2026-05-07,EMPTY,,11000,OTA,f,1,0,,
U10_2026-04-08,U10,2026-04-08,SOFT,BKU10A,11000,OTA,f,1,0,,
U10_2026-04-09,U10,2026-04-09,SOFT,BKU10A,11000,OTA,f,1,0,,
U10_2026-04-10,U10,2026-04-10,SOFT,BKU10A,11000,OTA,f,1,0,,
U07_2026-04-22,U07,2026-04-22,HARD,,10500,OTA,f,1,0,,
U09_2026-04-29,U09,2026-04-29,EMPTY,,11000,OTA,f,1,0,,
U09_2026-04-30,U09,2026-04-30,EMPTY,,11000,OTA,f,1,0,,
U09_2026-05-01,U09,2026-05-01,EMPTY,,11000,OTA,f,1,0,,
U09_2026-05-02,U09,2026-05-02,EMPTY,,11000,OTA,f,1,0,,
U09_2026-05-03,U09,2026-05-03,EMPTY,,11000,OTA,f,1,0,,
U10_2026-04-12,U10,2026-04-12,SOFT,A1D0F18D,11000,OTA,f,1,0,,
U10_2026-04-13,U10,2026-04-13,SOFT,A1D0F18D,11000,OTA,f,1,0,,
U10_2026-04-14,U10,2026-04-14,SOFT,A1D0F18D,11000,OTA,f,1,0,,
U10_2026-04-15,U10,2026-04-15,SOFT,A1D0F18D,11000,OTA,f,1,0,,
U10_2026-04-16,U10,2026-04-16,SOFT,A1D0F18D,11000,OTA,f,1,0,,
S01_2026-06-20,S01,2026-06-20,SOFT,88F3275E,2590,DIRECT,f,1,0,,
U09_2026-05-05,U09,2026-05-05,EMPTY,,11000,DIRECT,f,1,0,,
U07_2026-05-05,U07,2026-05-05,SOFT,BKU2E,10500,OTA,f,1,0,,
U01_2026-04-26,U01,2026-04-26,SOFT,BKU9C,9000,OTA,f,1,0,,
U01_2026-04-27,U01,2026-04-27,SOFT,BKU9C,9000,OTA,f,1,0,,
E03_2026-04-09,E03,2026-04-09,EMPTY,,1500,OTA,f,1,0,,
E03_2026-04-10,E03,2026-04-10,EMPTY,,1500,OTA,f,1,0,,
E03_2026-04-11,E03,2026-04-11,EMPTY,,1500,OTA,f,1,0,,
E03_2026-04-12,E03,2026-04-12,EMPTY,,1500,OTA,f,1,0,,
E03_2026-04-13,E03,2026-04-13,EMPTY,,1500,OTA,f,1,0,,
D10_2026-04-28,D10,2026-04-28,HARD,,6500,OTA,f,1,0,,
D10_2026-04-27,D10,2026-04-27,HARD,,6500,OTA,f,1,0,,
D04_2026-05-02,D04,2026-05-02,SOFT,BKD5D,5500,OTA,f,1,0,,
U10_2026-05-03,U10,2026-05-03,EMPTY,,11000,OTA,f,1,0,,
U10_2026-05-07,U10,2026-05-07,EMPTY,,11000,OTA,f,1,0,,
U10_2026-05-05,U10,2026-05-05,SOFT,BKU6E,11000,DIRECT,f,1,0,,
U10_2026-04-17,U10,2026-04-17,SOFT,A1D0F18D,11000,OTA,f,1,0,,
U10_2026-04-18,U10,2026-04-18,SOFT,A1D0F18D,11000,OTA,f,1,0,,
U05_2026-04-28,U05,2026-04-28,EMPTY,,10000,OTA,f,1,0,,
U10_2026-04-19,U10,2026-04-19,SOFT,A1D0F18D,11000,OTA,f,1,0,,
U10_2026-04-20,U10,2026-04-20,SOFT,A1D0F18D,11000,OTA,f,1,0,,
U10_2026-04-25,U10,2026-04-25,SOFT,A1D0F18D,11000,OTA,f,1,0,,
U10_2026-04-26,U10,2026-04-26,SOFT,A1D0F18D,11000,OTA,f,1,0,,
U10_2026-04-27,U10,2026-04-27,SOFT,A1D0F18D,11000,OTA,f,1,0,,
U01_2026-04-28,U01,2026-04-28,SOFT,BKU9C,9000,OTA,f,1,0,,
U01_2026-04-29,U01,2026-04-29,SOFT,BKU9C,9000,OTA,f,1,0,,
U01_2026-04-30,U01,2026-04-30,SOFT,BKU9C,9000,OTA,f,1,0,,
U01_2026-05-03,U01,2026-05-03,SOFT,BKU9C,9000,OTA,f,1,0,,
U10_2026-04-28,U10,2026-04-28,SOFT,A1D0F18D,11000,OTA,f,1,0,,
U10_2026-05-06,U10,2026-05-06,SOFT,BKU6E,11000,DIRECT,f,1,0,,
D10_2026-04-15,D10,2026-04-15,SOFT,BKD5B,6500,OTA,f,1,0,,
D10_2026-04-25,D10,2026-04-25,EMPTY,,6500,OTA,f,1,0,,
D10_2026-04-16,D10,2026-04-16,SOFT,BKD5B,6500,OTA,f,1,0,,
D10_2026-04-21,D10,2026-04-21,SOFT,BKD2C,6500,OTA,f,1,0,,
D10_2026-04-22,D10,2026-04-22,SOFT,BKD2C,6500,OTA,f,1,0,,
D04_2026-05-01,D04,2026-05-01,EMPTY,,5500,OTA,f,1,0,,
D10_2026-04-08,D10,2026-04-08,SOFT,BKD4A,6500,OTA,f,1,0,,
D10_2026-04-09,D10,2026-04-09,SOFT,BKD4A,6500,OTA,f,1,0,,
D10_2026-05-01,D10,2026-05-01,EMPTY,,6500,OTA,f,1,0,,
D10_2026-05-02,D10,2026-05-02,EMPTY,,6500,OTA,f,1,0,,
D10_2026-04-23,D10,2026-04-23,SOFT,BKD2C,6500,OTA,f,1,0,,
D10_2026-04-24,D10,2026-04-24,SOFT,BKD2C,6500,OTA,f,1,0,,
D10_2026-04-29,D10,2026-04-29,SOFT,BKD7D,6500,OTA,f,1,0,,
D10_2026-04-30,D10,2026-04-30,SOFT,BKD7D,6500,OTA,f,1,0,,
U10_2026-05-04,U10,2026-05-04,EMPTY,,11000,DIRECT,f,1,0,,
U10_2026-04-29,U10,2026-04-29,EMPTY,,11000,OTA,f,1,0,,
U10_2026-04-30,U10,2026-04-30,EMPTY,,11000,OTA,f,1,0,,
U10_2026-05-01,U10,2026-05-01,EMPTY,,11000,OTA,f,1,0,,
U10_2026-05-02,U10,2026-05-02,EMPTY,,11000,OTA,f,1,0,,
D07_2026-04-10,D07,2026-04-10,SOFT,BKD8A,6000,OTA,f,1,0,,
D10_2026-04-10,D10,2026-04-10,EMPTY,,6500,OTA,f,1,0,,
D10_2026-04-14,D10,2026-04-14,EMPTY,,6500,OTA,f,1,0,,
D04_2026-04-23,D04,2026-04-23,SOFT,BKD4C,5500,DIRECT,f,1,0,,
E03_2026-04-19,E03,2026-04-19,EMPTY,,1500,OTA,f,1,0,,
E03_2026-04-20,E03,2026-04-20,EMPTY,,1500,OTA,f,1,0,,
E03_2026-04-21,E03,2026-04-21,EMPTY,,1500,OTA,f,1,0,,
E03_2026-04-22,E03,2026-04-22,EMPTY,,1500,OTA,f,1,0,,
E03_2026-04-23,E03,2026-04-23,EMPTY,,1500,OTA,f,1,0,,
E03_2026-04-24,E03,2026-04-24,EMPTY,,1500,OTA,f,1,0,,
D04_2026-04-08,D04,2026-04-08,SOFT,BKD5A,5500,OTA,f,1,0,,
D04_2026-04-09,D04,2026-04-09,SOFT,BKD5A,5500,OTA,f,1,0,,
D04_2026-04-10,D04,2026-04-10,SOFT,BKD5A,5500,OTA,f,1,0,,
D04_2026-04-11,D04,2026-04-11,SOFT,BKD5A,5500,OTA,f,1,0,,
D04_2026-04-12,D04,2026-04-12,SOFT,BKD5A,5500,OTA,f,1,0,,
D04_2026-04-13,D04,2026-04-13,SOFT,BKD5A,5500,OTA,f,1,0,,
U03_2026-04-13,U03,2026-04-13,SOFT,67E3FD4B,9500,OTA,f,1,0,,
U03_2026-04-14,U03,2026-04-14,SOFT,67E3FD4B,9500,OTA,f,1,0,,
U03_2026-04-15,U03,2026-04-15,SOFT,67E3FD4B,9500,OTA,f,1,0,,
D05_2026-04-16,D05,2026-04-16,SOFT,BKD8B,5500,OTA,f,1,0,,
U03_2026-04-16,U03,2026-04-16,SOFT,67E3FD4B,9500,OTA,f,1,0,,
U03_2026-04-17,U03,2026-04-17,SOFT,67E3FD4B,9500,OTA,f,1,0,,
U03_2026-04-18,U03,2026-04-18,SOFT,67E3FD4B,9500,OTA,f,1,0,,
U02_2026-04-14,U02,2026-04-14,SOFT,BKU1B,9000,OTA,f,1,0,,
S04_2026-04-09,S04,2026-04-09,SOFT,BKS8A,2800,OTA,f,1,0,,
U06_2026-05-03,U06,2026-05-03,SOFT,BKU7D,10000,OTA,f,1,0,,
S02_2026-06-10,S02,2026-06-10,SOFT,E8F658B7,2500,DIRECT,f,1,0,,
S02_2026-06-11,S02,2026-06-11,SOFT,E8F658B7,2500,DIRECT,f,1,0,,
S02_2026-04-24,S02,2026-04-24,SOFT,F21F908A,2500,DIRECT,f,1,0,,
U01_2026-04-19,U01,2026-04-19,EMPTY,,9000,OTA,f,1,0,,
U01_2026-04-13,U01,2026-04-13,SOFT,BKU3B,9000,OTA,f,1,0,,
U01_2026-04-14,U01,2026-04-14,SOFT,BKU3B,9000,OTA,f,1,0,,
U01_2026-04-15,U01,2026-04-15,SOFT,BKU3B,9000,OTA,f,1,0,,
U01_2026-04-16,U01,2026-04-16,SOFT,BKU3B,9000,OTA,f,1,0,,
U01_2026-04-17,U01,2026-04-17,SOFT,BKU3B,9000,OTA,f,1,0,,
U01_2026-04-18,U01,2026-04-18,SOFT,BKU3B,9000,OTA,f,1,0,,
D07_2026-04-11,D07,2026-04-11,SOFT,BKD8A,6000,OTA,f,1,0,,
D07_2026-04-12,D07,2026-04-12,SOFT,BKD8A,6000,OTA,f,1,0,,
D07_2026-04-13,D07,2026-04-13,SOFT,BKD8A,6000,OTA,f,1,0,,
D08_2026-04-10,D08,2026-04-10,SOFT,BKD6A,6000,OTA,f,1,0,,
D08_2026-04-11,D08,2026-04-11,SOFT,BKD6A,6000,OTA,f,1,0,,
D05_2026-04-22,D05,2026-04-22,EMPTY,,5500,OTA,f,1,0,,
S04_2026-04-16,S04,2026-04-16,SOFT,BKS10B,2800,OTA,f,1,0,,
D05_2026-04-23,D05,2026-04-23,EMPTY,,5500,OTA,f,1,0,,
D05_2026-04-24,D05,2026-04-24,EMPTY,,5500,DIRECT,f,1,0,,
S01_2026-06-21,S01,2026-06-21,EMPTY,,2500,DIRECT,f,1,0,,
D05_2026-04-25,D05,2026-04-25,EMPTY,,5500,DIRECT,t,1,0,,
D05_2026-04-26,D05,2026-04-26,EMPTY,,5500,DIRECT,f,1,0,,
S04_2026-04-10,S04,2026-04-10,EMPTY,,2800,OTA,f,1,0,,
S04_2026-04-11,S04,2026-04-11,EMPTY,,2800,OTA,f,1,0,,
D10_2026-04-11,D10,2026-04-11,SOFT,BKD4A,6500,OTA,f,1,0,,
D10_2026-04-12,D10,2026-04-12,SOFT,BKD4A,6500,OTA,f,1,0,,
D05_2026-04-15,D05,2026-04-15,SOFT,BKD8B,5000,OTA,t,1,0,,
D05_2026-04-17,D05,2026-04-17,SOFT,BKD8B,5500,OTA,f,1,0,,
D05_2026-04-18,D05,2026-04-18,SOFT,BKD8B,5500,OTA,f,1,0,,
D05_2026-04-19,D05,2026-04-19,SOFT,BKD8B,5500,OTA,f,1,0,,
D05_2026-04-20,D05,2026-04-20,SOFT,BKD8B,5500,OTA,f,1,0,,
D05_2026-04-21,D05,2026-04-21,SOFT,BKD8B,5500,OTA,f,1,0,,
U06_2026-05-01,U06,2026-05-01,SOFT,BKU7D,10000,OTA,f,1,0,,
U06_2026-05-02,U06,2026-05-02,SOFT,BKU7D,10000,OTA,f,1,0,,
D01_2026-05-31,D01,2026-05-31,SOFT,3D7E7317,4910,OTA,f,1,0,Priceline,
S01_2026-06-01,S01,2026-06-01,SOFT,A7A50C3A,2380,OTA,f,1,0,Orbitz,
D04_2026-04-24,D04,2026-04-24,SOFT,BKD4C,5500,DIRECT,f,1,0,,
D04_2026-04-25,D04,2026-04-25,SOFT,BKD4C,5500,DIRECT,f,1,0,,
D04_2026-04-26,D04,2026-04-26,SOFT,BKD9C,5500,OTA,f,1,0,,
D04_2026-04-27,D04,2026-04-27,SOFT,BKD9C,5500,OTA,f,1,0,,
D04_2026-04-28,D04,2026-04-28,SOFT,BKD9C,5500,OTA,f,1,0,,
D04_2026-04-29,D04,2026-04-29,SOFT,BKD9C,5500,OTA,f,1,0,,
D04_2026-04-30,D04,2026-04-30,SOFT,BKD9C,5500,OTA,f,1,0,,
E14_2026-06-20,E14,2026-06-20,EMPTY,,1500,DIRECT,f,1,0,,
E14_2026-06-23,E14,2026-06-23,EMPTY,,1500,DIRECT,f,1,0,,
E14_2026-06-24,E14,2026-06-24,EMPTY,,1500,DIRECT,f,1,0,,
E14_2026-06-26,E14,2026-06-26,EMPTY,,1500,DIRECT,f,1,0,,
E14_2026-06-19,E14,2026-06-19,SOFT,98507732,1470,DIRECT,f,1,0,,
E14_2026-06-21,E14,2026-06-21,SOFT,8E51A419,1430,OTA,f,1,0,Booking.com,
E14_2026-06-22,E14,2026-06-22,SOFT,8E51A419,1430,OTA,f,1,0,Booking.com,
E14_2026-06-25,E14,2026-06-25,SOFT,D4D58D68,1600,DIRECT,f,1,0,,
D05_2026-04-08,D05,2026-04-08,SOFT,BKD1A,5500,OTA,f,1,0,,
S07_2026-04-14,S07,2026-04-14,EMPTY,,3000,OTA,f,1,0,,
D05_2026-04-27,D05,2026-04-27,EMPTY,,5500,DIRECT,f,1,0,,
D05_2026-04-28,D05,2026-04-28,EMPTY,,5500,DIRECT,f,1,0,,
D06_2026-04-08,D06,2026-04-08,EMPTY,,5500,OTA,f,1,0,,
D05_2026-04-10,D05,2026-04-10,SOFT,BKD1A,5500,OTA,f,1,0,,
D05_2026-04-29,D05,2026-04-29,EMPTY,,5500,DIRECT,f,1,0,,
D05_2026-04-11,D05,2026-04-11,SOFT,BKD1A,5500,OTA,f,1,0,,
D05_2026-04-30,D05,2026-04-30,EMPTY,,5500,OTA,f,1,0,,
D05_2026-04-09,D05,2026-04-09,EMPTY,,5500,OTA,f,1,0,,
D05_2026-05-01,D05,2026-05-01,EMPTY,,5500,OTA,f,1,0,,
D08_2026-04-17,D08,2026-04-17,SOFT,BKD9B,6000,OTA,f,1,0,,
D08_2026-04-18,D08,2026-04-18,SOFT,BKD9B,6000,OTA,f,1,0,,
D06_2026-04-09,D06,2026-04-09,SOFT,BKD1A,5500,OTA,f,1,0,,
D08_2026-04-19,D08,2026-04-19,SOFT,BKD9B,6000,OTA,f,1,0,,
D08_2026-04-20,D08,2026-04-20,SOFT,BKD9B,6000,OTA,f,1,0,,
D08_2026-04-21,D08,2026-04-21,SOFT,BKD9B,6000,OTA,f,1,0,,
D05_2026-04-12,D05,2026-04-12,SOFT,BKD1A,5500,OTA,f,1,0,,
D06_2026-04-10,D06,2026-04-10,SOFT,BKD7A,5500,OTA,f,1,0,,
D06_2026-04-11,D06,2026-04-11,SOFT,BKD7A,5500,OTA,f,1,0,,
D06_2026-04-12,D06,2026-04-12,SOFT,BKD7A,5500,OTA,f,1,0,,
D08_2026-04-16,D08,2026-04-16,EMPTY,,6000,OTA,f,1,0,,
D09_2026-04-29,D09,2026-04-29,EMPTY,,6000,OTA,f,1,0,,
D09_2026-04-30,D09,2026-04-30,EMPTY,,6000,OTA,f,1,0,,
D04_2026-04-15,D04,2026-04-15,SOFT,BKD4B,5500,OTA,f,1,0,,
S07_2026-04-12,S07,2026-04-12,EMPTY,,3000,OTA,f,1,0,,
S07_2026-04-16,S07,2026-04-16,EMPTY,,3000,OTA,f,1,0,,
S07_2026-04-17,S07,2026-04-17,EMPTY,,3000,OTA,f,1,0,,
S07_2026-04-18,S07,2026-04-18,EMPTY,,3000,OTA,f,1,0,,
S07_2026-04-15,S07,2026-04-15,SOFT,E467D188,3000,OTA,f,1,0,,
D04_2026-04-16,D04,2026-04-16,SOFT,BKD4B,5500,OTA,f,1,0,,
D04_2026-04-17,D04,2026-04-17,SOFT,BKD4B,5500,OTA,f,1,0,,
D04_2026-04-18,D04,2026-04-18,SOFT,BKD4B,5500,OTA,f,1,0,,
D04_2026-04-19,D04,2026-04-19,SOFT,BKD4B,5500,OTA,f,1,0,,
D04_2026-04-20,D04,2026-04-20,SOFT,BKD6C,5500,OTA,f,1,0,,
D09_2026-05-01,D09,2026-05-01,EMPTY,,6000,OTA,f,1,0,,
U01_2026-05-01,U01,2026-05-01,SOFT,BKU9C,9000,OTA,f,1,0,,
S04_2026-04-13,S04,2026-04-13,SOFT,BKS4B,2800,OTA,f,1,0,,
U01_2026-05-02,U01,2026-05-02,SOFT,BKU9C,9000,OTA,f,1,0,,
D04_2026-04-21,D04,2026-04-21,SOFT,BKD4C,5500,DIRECT,f,1,0,,
D04_2026-04-22,D04,2026-04-22,SOFT,BKD4C,5500,DIRECT,f,1,0,,
D10_2026-04-17,D10,2026-04-17,SOFT,BKD5B,6500,OTA,f,1,0,,
D10_2026-04-18,D10,2026-04-18,SOFT,BKD2C,6500,OTA,f,1,0,,
D10_2026-04-19,D10,2026-04-19,SOFT,BKD2C,6500,OTA,f,1,0,,
D08_2026-04-25,D08,2026-04-25,SOFT,31160F06,6000,DIRECT,f,1,0,,
U05_2026-04-20,U05,2026-04-20,EMPTY,,10000,DIRECT,f,1,0,,
U05_2026-04-21,U05,2026-04-21,SOFT,BKU6C,10000,DIRECT,f,1,0,,
U05_2026-04-22,U05,2026-04-22,SOFT,BKU6C,10000,DIRECT,f,1,0,,
D01_2026-06-02,D01,2026-06-02,SOFT,00CD831A,4940,DIRECT,f,1,0,,
U01_2026-04-21,U01,2026-04-21,SOFT,BKU5C,9000,DIRECT,f,1,0,,
U01_2026-04-22,U01,2026-04-22,SOFT,BKU5C,9000,DIRECT,f,1,0,,
U01_2026-04-23,U01,2026-04-23,SOFT,BKU5C,9000,DIRECT,f,1,0,,
U01_2026-04-24,U01,2026-04-24,SOFT,BKU5C,9000,DIRECT,f,1,0,,
U06_2026-04-29,U06,2026-04-29,SOFT,BKU8D,10000,OTA,f,1,0,,
U06_2026-04-30,U06,2026-04-30,SOFT,BKU8D,10000,OTA,f,1,0,,
U02_2026-04-26,U02,2026-04-26,SOFT,BKU10B,9000,DIRECT,f,1,0,,
U02_2026-04-27,U02,2026-04-27,SOFT,BKU10B,9000,OTA,f,1,0,,
U02_2026-04-28,U02,2026-04-28,SOFT,BKU2D,9000,OTA,f,1,0,,
U02_2026-04-29,U02,2026-04-29,SOFT,BKU2D,9000,OTA,f,1,0,,
U02_2026-04-30,U02,2026-04-30,SOFT,BKU2D,9000,OTA,f,1,0,,
U02_2026-05-01,U02,2026-05-01,SOFT,BKU2D,9000,OTA,f,1,0,,
E13_2026-06-19,E13,2026-06-19,SOFT,0D79957F,1610,DIRECT,f,1,0,,
E13_2026-06-20,E13,2026-06-20,SOFT,98DE1547,1400,OTA,f,1,0,Booking.com,
E13_2026-06-22,E13,2026-06-22,SOFT,39083514,1470,DIRECT,f,1,0,,
E14_2026-06-01,E14,2026-06-01,SOFT,470FDB54,1440,OTA,f,1,0,Travelocity,
E14_2026-06-02,E14,2026-06-02,SOFT,470FDB54,1440,OTA,f,1,0,Travelocity,
E14_2026-06-04,E14,2026-06-04,SOFT,30AE8052,1380,OTA,f,1,0,Travelocity,
E14_2026-06-13,E14,2026-06-13,SOFT,DA9F5CAF,1460,DIRECT,f,1,0,,
E14_2026-06-17,E14,2026-06-17,SOFT,8256A438,1430,OTA,f,1,0,Booking.com,
D06_2026-04-25,D06,2026-04-25,EMPTY,,5500,DIRECT,f,1,0,,
S09_2026-04-26,S09,2026-04-26,SOFT,3179209F,3000,OTA,f,1,0,,
D04_2026-04-14,D04,2026-04-14,SOFT,BKD4B,5500,OTA,f,1,0,,
D07_2026-04-14,D07,2026-04-14,SOFT,DCB245F1,6000,OTA,f,1,0,,
D07_2026-04-15,D07,2026-04-15,SOFT,DCB245F1,6000,OTA,f,1,0,,
D02_2026-04-17,D02,2026-04-17,SOFT,BKD3B,5000,OTA,f,1,0,,
D02_2026-04-18,D02,2026-04-18,SOFT,BKD3B,5000,OTA,f,1,0,,
D02_2026-04-19,D02,2026-04-19,SOFT,BKD3B,5000,OTA,f,1,0,,
D02_2026-04-20,D02,2026-04-20,SOFT,BKD3B,5000,OTA,f,1,0,,
D02_2026-04-21,D02,2026-04-21,SOFT,BKD3B,5000,OTA,f,1,0,,
D02_2026-04-22,D02,2026-04-22,SOFT,BKD3B,5000,OTA,f,1,0,,
D02_2026-04-23,D02,2026-04-23,HARD,,5000,OTA,f,1,0,,
D02_2026-04-24,D02,2026-04-24,SOFT,BKD5C,5000,OTA,f,1,0,,
D06_2026-04-13,D06,2026-04-13,EMPTY,,5500,OTA,f,1,0,,
D06_2026-04-14,D06,2026-04-14,EMPTY,,5500,OTA,f,1,0,,
D07_2026-04-16,D07,2026-04-16,SOFT,DCB245F1,6000,OTA,f,1,0,,
D09_2026-04-13,D09,2026-04-13,EMPTY,,5500,OTA,t,1,0,,
D09_2026-04-14,D09,2026-04-14,EMPTY,,6000,OTA,f,1,0,,
D09_2026-04-15,D09,2026-04-15,EMPTY,,6000,OTA,f,1,0,,
U05_2026-04-23,U05,2026-04-23,SOFT,BKU6C,10000,DIRECT,f,1,0,,
U05_2026-04-24,U05,2026-04-24,SOFT,BKU6C,10000,DIRECT,f,1,0,,
U05_2026-04-25,U05,2026-04-25,SOFT,BKU6C,10000,DIRECT,f,1,0,,
D07_2026-04-17,D07,2026-04-17,SOFT,DCB245F1,6000,OTA,f,1,0,,
D07_2026-04-18,D07,2026-04-18,SOFT,DCB245F1,6000,OTA,f,1,0,,
D09_2026-04-23,D09,2026-04-23,EMPTY,,6000,OTA,f,1,0,,
D07_2026-04-19,D07,2026-04-19,SOFT,DCB245F1,5500,OTA,t,1,0,,
U06_2026-04-25,U06,2026-04-25,SOFT,BKU3C,10000,DIRECT,f,1,0,,
U08_2026-04-20,U08,2026-04-20,EMPTY,,10500,DIRECT,f,1,0,,
U06_2026-04-26,U06,2026-04-26,SOFT,BKU8D,10000,DIRECT,f,1,0,,
U02_2026-05-02,U02,2026-05-02,SOFT,BKU2D,9000,OTA,f,1,0,,
U02_2026-05-03,U02,2026-05-03,SOFT,BKU2D,9000,OTA,f,1,0,,
U04_2026-04-28,U04,2026-04-28,SOFT,BKU6D,9500,OTA,f,1,0,,
U04_2026-04-29,U04,2026-04-29,SOFT,BKU6D,9500,DIRECT,f,1,0,,
S06_2026-04-25,S06,2026-04-25,SOFT,BKS4D,2800,OTA,f,1,0,,
U04_2026-04-30,U04,2026-04-30,SOFT,BKU6D,9500,DIRECT,f,1,0,,
U04_2026-05-01,U04,2026-05-01,SOFT,BKU6D,9500,DIRECT,f,1,0,,
S09_2026-04-27,S09,2026-04-27,SOFT,3179209F,3000,OTA,f,1,0,,
U04_2026-05-02,U04,2026-05-02,SOFT,BKU6D,9500,DIRECT,f,1,0,,
S09_2026-04-25,S09,2026-04-25,EMPTY,,3000,OTA,f,1,0,,
U04_2026-05-03,U04,2026-05-03,SOFT,BKU6D,9500,DIRECT,f,1,0,,
S09_2026-04-18,S09,2026-04-18,SOFT,439922E0,3000,OTA,f,1,0,,
S09_2026-04-19,S09,2026-04-19,SOFT,439922E0,3000,OTA,f,1,0,,
S09_2026-04-22,S09,2026-04-22,SOFT,439922E0,3000,OTA,f,1,0,,
S09_2026-04-23,S09,2026-04-23,SOFT,439922E0,3000,OTA,f,1,0,,
S09_2026-04-24,S09,2026-04-24,SOFT,439922E0,3000,OTA,f,1,0,,
D06_2026-04-15,D06,2026-04-15,EMPTY,,5500,OTA,f,1,0,,
S07_2026-04-30,S07,2026-04-30,EMPTY,,3000,OTA,f,1,0,,
S07_2026-04-26,S07,2026-04-26,EMPTY,,3000,OTA,f,1,0,,
S07_2026-04-28,S07,2026-04-28,EMPTY,,3000,OTA,f,1,0,,
S07_2026-04-29,S07,2026-04-29,EMPTY,,3000,OTA,f,1,0,,
U05_2026-04-29,U05,2026-04-29,EMPTY,,10000,OTA,f,1,0,,
U05_2026-04-30,U05,2026-04-30,EMPTY,,10000,OTA,f,1,0,,
D06_2026-04-16,D06,2026-04-16,SOFT,BKD1B,5500,OTA,f,1,0,,
D06_2026-04-19,D06,2026-04-19,SOFT,BKD1B,5500,OTA,f,1,0,,
S03_2026-04-28,S03,2026-04-28,EMPTY,,2500,DIRECT,f,1,0,,
D01_2026-06-04,D01,2026-06-04,SOFT,3CC8C9BE,4780,OTA,f,1,0,Travelocity,
D01_2026-06-05,D01,2026-06-05,SOFT,49332080,4830,OTA,f,1,0,Travelocity,
D01_2026-06-08,D01,2026-06-08,SOFT,EC39EAB8,4840,OTA,f,1,0,Booking.com,
D01_2026-06-09,D01,2026-06-09,SOFT,99483A53,4960,OTA,f,1,0,Priceline,
D01_2026-06-10,D01,2026-06-10,SOFT,99483A53,4960,OTA,f,1,0,Priceline,
D01_2026-06-11,D01,2026-06-11,SOFT,99483A53,4960,OTA,f,1,0,Priceline,
D01_2026-06-12,D01,2026-06-12,SOFT,99483A53,4960,OTA,f,1,0,Priceline,
D08_2026-04-22,D08,2026-04-22,SOFT,BKD9B,6000,OTA,t,1,0,,
D08_2026-04-23,D08,2026-04-23,SOFT,BKD9B,6000,DIRECT,f,1,0,,
D08_2026-04-24,D08,2026-04-24,SOFT,BKD9B,6000,DIRECT,f,1,0,,
U03_2026-04-22,U03,2026-04-22,SOFT,67E3FD4B,9500,DIRECT,f,1,0,,
U03_2026-04-23,U03,2026-04-23,SOFT,67E3FD4B,9500,DIRECT,f,1,0,,
U03_2026-04-24,U03,2026-04-24,SOFT,67E3FD4B,9500,DIRECT,f,1,0,,
U03_2026-04-25,U03,2026-04-25,SOFT,67E3FD4B,9500,DIRECT,f,1,0,,
U03_2026-04-26,U03,2026-04-26,SOFT,67E3FD4B,9500,OTA,f,1,0,,
D09_2026-04-16,D09,2026-04-16,EMPTY,,6000,OTA,f,1,0,,
D09_2026-04-17,D09,2026-04-17,EMPTY,,6000,OTA,f,1,0,,
D09_2026-04-18,D09,2026-04-18,EMPTY,,6000,OTA,f,1,0,,
D09_2026-04-20,D09,2026-04-20,EMPTY,,6000,OTA,f,1,0,,
S01_2026-04-14,S01,2026-04-14,SOFT,BKS10A,2500,OTA,f,1,0,,
S01_2026-04-15,S01,2026-04-15,SOFT,BKS10A,2500,OTA,f,1,0,,
D09_2026-04-21,D09,2026-04-21,EMPTY,,6000,OTA,f,1,0,,
D07_2026-04-20,D07,2026-04-20,SOFT,DCB245F1,6000,OTA,f,1,0,,
S01_2026-04-16,S01,2026-04-16,SOFT,4BE5880F,2500,OTA,f,1,0,,
S01_2026-04-17,S01,2026-04-17,SOFT,4BE5880F,2500,OTA,f,1,0,,
U01_2026-04-20,U01,2026-04-20,SOFT,BKU5C,9000,OTA,f,1,0,,
U01_2026-04-25,U01,2026-04-25,SOFT,BKU5C,9000,DIRECT,f,1,0,,
D09_2026-04-22,D09,2026-04-22,EMPTY,,6000,OTA,f,1,0,,
D09_2026-04-24,D09,2026-04-24,EMPTY,,6000,OTA,f,1,0,,
D09_2026-04-25,D09,2026-04-25,EMPTY,,6000,OTA,f,1,0,,
U08_2026-04-27,U08,2026-04-27,SOFT,BKU5D,10500,OTA,f,1,0,,
U08_2026-04-28,U08,2026-04-28,SOFT,BKU5D,10500,OTA,f,1,0,,
U08_2026-04-29,U08,2026-04-29,SOFT,BKU5D,10500,OTA,f,1,0,,
U08_2026-04-30,U08,2026-04-30,SOFT,BKU5D,10500,OTA,f,1,0,,
U08_2026-05-01,U08,2026-05-01,SOFT,BKU5D,10500,OTA,f,1,0,,
D01_2026-06-13,D01,2026-06-13,SOFT,891AF791,4760,OTA,f,1,0,Booking.com,
D01_2026-06-14,D01,2026-06-14,SOFT,891AF791,4760,OTA,f,1,0,Booking.com,
D01_2026-06-15,D01,2026-06-15,SOFT,891AF791,4760,OTA,f,1,0,Booking.com,
D01_2026-06-16,D01,2026-06-16,SOFT,BE53C2BE,4840,OTA,f,1,0,Priceline,
D01_2026-06-17,D01,2026-06-17,SOFT,BE53C2BE,4840,OTA,f,1,0,Priceline,
D01_2026-06-18,D01,2026-06-18,SOFT,D4A38CB6,4750,OTA,f,1,0,Priceline,
D01_2026-06-19,D01,2026-06-19,SOFT,D4A38CB6,4750,OTA,f,1,0,Priceline,
D01_2026-06-20,D01,2026-06-20,SOFT,FC49A4F9,5190,DIRECT,f,1,0,,
D01_2026-06-22,D01,2026-06-22,SOFT,678C35AD,4890,OTA,f,1,0,Expedia,
D01_2026-06-26,D01,2026-06-26,SOFT,A2F9F8DC,4770,OTA,f,1,0,Expedia,
E01_2026-04-09,E01,2026-04-09,EMPTY,,1500,OTA,f,1,0,,
E01_2026-04-10,E01,2026-04-10,EMPTY,,1500,OTA,f,1,0,,
E01_2026-04-11,E01,2026-04-11,EMPTY,,1500,OTA,f,1,0,,
E01_2026-04-12,E01,2026-04-12,EMPTY,,1500,OTA,f,1,0,,
E01_2026-04-13,E01,2026-04-13,EMPTY,,1500,OTA,f,1,0,,
E01_2026-04-14,E01,2026-04-14,EMPTY,,1500,OTA,f,1,0,,
E01_2026-04-15,E01,2026-04-15,EMPTY,,1500,OTA,f,1,0,,
E01_2026-04-16,E01,2026-04-16,EMPTY,,1500,OTA,f,1,0,,
E01_2026-04-17,E01,2026-04-17,EMPTY,,1500,OTA,f,1,0,,
E01_2026-04-18,E01,2026-04-18,EMPTY,,1500,OTA,f,1,0,,
E01_2026-04-19,E01,2026-04-19,EMPTY,,1500,OTA,f,1,0,,
U02_2026-04-25,U02,2026-04-25,EMPTY,,9000,DIRECT,f,1,0,,
S04_2026-04-14,S04,2026-04-14,SOFT,BKS4B,2800,OTA,f,1,0,,
S04_2026-04-12,S04,2026-04-12,EMPTY,,2500,OTA,t,1,0,,
U08_2026-04-21,U08,2026-04-21,EMPTY,,10500,DIRECT,f,1,0,,
S04_2026-04-15,S04,2026-04-15,SOFT,BKS4B,2800,OTA,f,1,0,,
U03_2026-04-27,U03,2026-04-27,SOFT,67E3FD4B,9500,OTA,f,1,0,,
U03_2026-04-28,U03,2026-04-28,SOFT,67E3FD4B,9500,OTA,f,1,0,,
S06_2026-04-20,S06,2026-04-20,EMPTY,,2800,DIRECT,f,1,0,,
S06_2026-04-21,S06,2026-04-21,EMPTY,,2800,DIRECT,f,1,0,,
S04_2026-04-25,S04,2026-04-25,SOFT,8ADA576C,2800,OTA,f,1,0,,
S04_2026-04-17,S04,2026-04-17,SOFT,BKS10B,3000,OTA,t,1,0,,
S04_2026-04-18,S04,2026-04-18,SOFT,BKS10B,2800,DIRECT,f,1,0,,
S09_2026-04-20,S09,2026-04-20,SOFT,439922E0,3000,OTA,f,1,0,,
S09_2026-04-21,S09,2026-04-21,SOFT,439922E0,3000,OTA,f,1,0,,
S07_2026-04-27,S07,2026-04-27,EMPTY,,3000,OTA,f,1,0,,
S02_2026-04-12,S02,2026-04-12,EMPTY,,2500,OTA,f,1,0,,
S05_2026-04-24,S05,2026-04-24,HARD,,2800,OTA,f,1,0,,
S06_2026-04-15,S06,2026-04-15,SOFT,BKS7B,2800,OTA,f,1,0,,
S06_2026-04-16,S06,2026-04-16,SOFT,BKS7B,2800,OTA,f,1,0,,
U08_2026-04-22,U08,2026-04-22,SOFT,BKU2C,10500,DIRECT,f,1,0,,
U08_2026-04-23,U08,2026-04-23,SOFT,BKU2C,10500,DIRECT,f,1,0,,
U08_2026-04-24,U08,2026-04-24,SOFT,BKU2C,10500,DIRECT,f,1,0,,
U08_2026-04-25,U08,2026-04-25,SOFT,BKU2C,10500,OTA,f,1,0,,
U08_2026-04-26,U08,2026-04-26,SOFT,BKU2C,10500,OTA,f,1,0,,
U02_2026-04-22,U02,2026-04-22,SOFT,BKU8C,9000,DIRECT,f,1,0,,
U02_2026-04-23,U02,2026-04-23,SOFT,BKU8C,9000,DIRECT,f,1,0,,
U02_2026-04-24,U02,2026-04-24,SOFT,BKU8C,9000,DIRECT,f,1,0,,
U06_2026-04-20,U06,2026-04-20,SOFT,BKU3C,10000,OTA,f,1,0,,
S03_2026-04-11,S03,2026-04-11,EMPTY,,2500,OTA,t,1,0,,
S03_2026-04-12,S03,2026-04-12,EMPTY,,2500,OTA,f,1,0,,
S06_2026-04-26,S06,2026-04-26,SOFT,BKS4D,2800,OTA,f,1,0,,
S06_2026-04-27,S06,2026-04-27,SOFT,BKS4D,2800,OTA,f,1,0,,
S06_2026-04-28,S06,2026-04-28,SOFT,BKS4D,2800,OTA,f,1,0,,
U06_2026-04-21,U06,2026-04-21,SOFT,BKU3C,10000,DIRECT,f,1,0,,
U06_2026-04-22,U06,2026-04-22,SOFT,BKU3C,10000,DIRECT,f,1,0,,
U06_2026-04-23,U06,2026-04-23,SOFT,BKU3C,10000,DIRECT,f,1,0,,
U06_2026-04-24,U06,2026-04-24,SOFT,BKU3C,10000,DIRECT,f,1,0,,
U05_2026-05-01,U05,2026-05-01,EMPTY,,10000,OTA,f,1,0,,
U05_2026-05-02,U05,2026-05-02,EMPTY,,10000,OTA,f,1,0,,
U05_2026-05-03,U05,2026-05-03,EMPTY,,10000,OTA,f,1,0,,
U06_2026-04-27,U06,2026-04-27,SOFT,BKU8D,10000,OTA,f,1,0,,
S06_2026-04-29,S06,2026-04-29,SOFT,BKS9C,2800,OTA,f,1,0,,
U03_2026-04-29,U03,2026-04-29,SOFT,BKU4C,9500,OTA,f,1,0,,
U03_2026-04-30,U03,2026-04-30,SOFT,BKU4C,9500,OTA,f,1,0,,
U03_2026-05-01,U03,2026-05-01,SOFT,BKU4C,9500,OTA,f,1,0,,
U03_2026-05-02,U03,2026-05-02,SOFT,BKU4C,9500,OTA,f,1,0,,
S04_2026-04-26,S04,2026-04-26,SOFT,BKS7D,2800,OTA,f,1,0,,
S04_2026-04-27,S04,2026-04-27,SOFT,BKS7D,2800,OTA,f,1,0,,
S04_2026-04-28,S04,2026-04-28,SOFT,BKS7D,2800,OTA,f,1,0,,
D01_2026-06-27,D01,2026-06-27,SOFT,A2F9F8DC,4770,OTA,f,1,0,Expedia,
D01_2026-06-28,D01,2026-06-28,SOFT,A2F9F8DC,4770,OTA,f,1,0,Expedia,
D02_2026-05-31,D02,2026-05-31,SOFT,CEE72C04,4600,OTA,f,1,0,Booking.com,
D02_2026-06-02,D02,2026-06-02,SOFT,7416CECB,4690,OTA,f,1,0,Booking.com,
D02_2026-06-03,D02,2026-06-03,SOFT,7416CECB,4690,OTA,f,1,0,Booking.com,
D02_2026-06-04,D02,2026-06-04,SOFT,7416CECB,4690,OTA,f,1,0,Booking.com,
D02_2026-06-05,D02,2026-06-05,SOFT,7416CECB,4690,OTA,f,1,0,Booking.com,
D02_2026-06-06,D02,2026-06-06,SOFT,72B5745C,4980,OTA,f,1,0,Expedia,
D02_2026-06-08,D02,2026-06-08,SOFT,0015BED5,5310,DIRECT,f,1,0,,
D02_2026-06-10,D02,2026-06-10,SOFT,B15DF7D4,4730,OTA,f,1,0,Booking.com,
D02_2026-06-11,D02,2026-06-11,SOFT,B15DF7D4,4730,OTA,f,1,0,Booking.com,
D02_2026-06-12,D02,2026-06-12,SOFT,B15DF7D4,4730,OTA,f,1,0,Booking.com,
D02_2026-06-13,D02,2026-06-13,SOFT,B15DF7D4,4730,OTA,f,1,0,Booking.com,
D02_2026-06-20,D02,2026-06-20,SOFT,9482FFF6,4890,OTA,f,1,0,Booking.com,
D02_2026-06-21,D02,2026-06-21,SOFT,9482FFF6,4890,OTA,f,1,0,Booking.com,
D02_2026-06-23,D02,2026-06-23,SOFT,3D1CB018,5030,DIRECT,f,1,0,,
D02_2026-06-26,D02,2026-06-26,SOFT,EE4090F8,5100,DIRECT,f,1,0,,
D02_2026-06-27,D02,2026-06-27,SOFT,EE4090F8,5100,DIRECT,f,1,0,,
D03_2026-05-31,D03,2026-05-31,SOFT,CD8BE73E,4620,OTA,f,1,0,Booking.com,
D03_2026-06-01,D03,2026-06-01,SOFT,CD8BE73E,4620,OTA,f,1,0,Booking.com,
D03_2026-06-02,D03,2026-06-02,SOFT,CD8BE73E,4620,OTA,f,1,0,Booking.com,
D03_2026-06-04,D03,2026-06-04,SOFT,560076EC,5260,DIRECT,f,1,0,,
S08_2026-04-15,S08,2026-04-15,SOFT,BC254CAF,3000,OTA,f,1,0,,
S08_2026-04-16,S08,2026-04-16,SOFT,BC254CAF,3000,OTA,f,1,0,,
D03_2026-06-06,D03,2026-06-06,SOFT,58A53F71,5080,DIRECT,f,1,0,,
S08_2026-04-11,S08,2026-04-11,EMPTY,,3000,OTA,f,1,0,,
D03_2026-06-07,D03,2026-06-07,SOFT,58A53F71,5080,DIRECT,f,1,0,,
D03_2026-06-10,D03,2026-06-10,SOFT,AE7B95EA,4630,OTA,f,1,0,Travelocity,
D03_2026-06-12,D03,2026-06-12,SOFT,49148E91,4900,OTA,f,1,0,Booking.com,
D03_2026-06-13,D03,2026-06-13,SOFT,49148E91,4900,OTA,f,1,0,Booking.com,
D03_2026-06-16,D03,2026-06-16,SOFT,19CC9BE5,5100,DIRECT,f,1,0,,
D03_2026-06-17,D03,2026-06-17,SOFT,19CC9BE5,5100,DIRECT,f,1,0,,
S02_2026-04-10,S02,2026-04-10,SOFT,BKS6A,2500,OTA,f,1,0,,
D03_2026-06-18,D03,2026-06-18,SOFT,19CC9BE5,5100,DIRECT,f,1,0,,
D03_2026-06-20,D03,2026-06-20,SOFT,2D091F4D,5270,DIRECT,f,1,0,,
D03_2026-06-21,D03,2026-06-21,SOFT,2D091F4D,5270,DIRECT,f,1,0,,
D03_2026-06-24,D03,2026-06-24,SOFT,78310CD4,5180,DIRECT,f,1,0,,
D03_2026-06-26,D03,2026-06-26,SOFT,0FFD1A7C,4880,OTA,f,1,0,Priceline,
D03_2026-06-27,D03,2026-06-27,SOFT,0FFD1A7C,4880,OTA,f,1,0,Priceline,
D03_2026-06-28,D03,2026-06-28,SOFT,0FFD1A7C,4880,OTA,f,1,0,Priceline,
D07_2026-05-31,D07,2026-05-31,SOFT,29D58B16,5970,OTA,f,1,0,Priceline,
D07_2026-06-01,D07,2026-06-01,SOFT,29D58B16,5970,OTA,f,1,0,Priceline,
D07_2026-06-04,D07,2026-06-04,SOFT,FC161CAD,5590,OTA,f,1,0,Booking.com,
D07_2026-06-05,D07,2026-06-05,SOFT,FC161CAD,5590,OTA,f,1,0,Booking.com,
D07_2026-06-06,D07,2026-06-06,SOFT,FC161CAD,5590,OTA,f,1,0,Booking.com,
D07_2026-06-08,D07,2026-06-08,SOFT,F1F9C149,6390,DIRECT,f,1,0,,
S02_2026-04-16,S02,2026-04-16,SOFT,1064CD53,2500,OTA,f,1,0,,
S08_2026-04-10,S08,2026-04-10,EMPTY,,3000,OTA,f,1,0,,
S04_2026-04-23,S04,2026-04-23,SOFT,BKS10B,3000,OTA,t,1,0,,
D07_2026-06-10,D07,2026-06-10,SOFT,46D3F9A0,5750,OTA,f,1,0,Expedia,
S02_2026-04-11,S02,2026-04-11,EMPTY,,2500,OTA,f,1,0,,
S08_2026-04-13,S08,2026-04-13,EMPTY,,3000,OTA,f,1,0,,
S08_2026-04-14,S08,2026-04-14,EMPTY,,3000,OTA,f,1,0,,
D07_2026-06-11,D07,2026-06-11,SOFT,5C7449BF,6470,DIRECT,f,1,0,,
D07_2026-06-12,D07,2026-06-12,SOFT,5C7449BF,6470,DIRECT,f,1,0,,
D07_2026-06-13,D07,2026-06-13,SOFT,AD9C7E18,5710,OTA,f,1,0,Hotels.com,
S02_2026-04-13,S02,2026-04-13,SOFT,BKS9A,2500,OTA,t,1,0,,
S02_2026-04-14,S02,2026-04-14,SOFT,BKS9A,2500,OTA,f,1,0,,
S02_2026-04-15,S02,2026-04-15,SOFT,36D75563,2500,OTA,f,1,0,,
D07_2026-06-14,D07,2026-06-14,SOFT,AD9C7E18,5710,OTA,f,1,0,Hotels.com,
S08_2026-04-24,S08,2026-04-24,SOFT,5AB0EDD1,3000,OTA,f,1,0,,
S04_2026-04-24,S04,2026-04-24,SOFT,8ADA576C,2800,OTA,f,1,0,,
D07_2026-06-17,D07,2026-06-17,SOFT,19DE548E,6050,DIRECT,f,1,0,,
D07_2026-06-18,D07,2026-06-18,SOFT,19DE548E,6050,DIRECT,f,1,0,,
D07_2026-06-19,D07,2026-06-19,SOFT,CE41B8D3,5560,OTA,f,1,0,Hotels.com,
D07_2026-06-20,D07,2026-06-20,SOFT,CE41B8D3,5560,OTA,f,1,0,Hotels.com,
D07_2026-06-21,D07,2026-06-21,SOFT,CE41B8D3,5560,OTA,f,1,0,Hotels.com,
D07_2026-06-23,D07,2026-06-23,SOFT,C1E5AF1A,5880,OTA,f,1,0,Expedia,
D07_2026-06-25,D07,2026-06-25,SOFT,EE6FEDD0,5950,DIRECT,f,1,0,,
D07_2026-06-26,D07,2026-06-26,SOFT,EE6FEDD0,5950,DIRECT,f,1,0,,
D07_2026-06-27,D07,2026-06-27,SOFT,EE6FEDD0,5950,DIRECT,f,1,0,,
D07_2026-06-28,D07,2026-06-28,SOFT,1C85D26B,5800,OTA,f,1,0,Travelocity,
D07_2026-06-29,D07,2026-06-29,SOFT,1C85D26B,5800,OTA,f,1,0,Travelocity,
D08_2026-05-31,D08,2026-05-31,SOFT,00B95253,5620,OTA,f,1,0,Expedia,
D08_2026-06-01,D08,2026-06-01,SOFT,00B95253,5620,OTA,f,1,0,Expedia,
D08_2026-06-02,D08,2026-06-02,SOFT,00B95253,5620,OTA,f,1,0,Expedia,
D08_2026-06-04,D08,2026-06-04,SOFT,C46E2683,6030,DIRECT,f,1,0,,
D08_2026-06-06,D08,2026-06-06,SOFT,5A1B49BC,5970,OTA,f,1,0,Travelocity,
D08_2026-06-07,D08,2026-06-07,SOFT,5A1B49BC,5970,OTA,f,1,0,Travelocity,
D08_2026-06-08,D08,2026-06-08,SOFT,5A1B49BC,5970,OTA,f,1,0,Travelocity,
D08_2026-06-12,D08,2026-06-12,SOFT,AF10EDE2,6440,DIRECT,f,1,0,,
D08_2026-06-13,D08,2026-06-13,SOFT,FBDBD796,5650,OTA,f,1,0,Expedia,
D08_2026-06-15,D08,2026-06-15,SOFT,8E6D661F,5570,OTA,f,1,0,Expedia,
D08_2026-06-19,D08,2026-06-19,SOFT,CA625F40,5780,OTA,f,1,0,Travelocity,
D02_2026-04-25,D02,2026-04-25,SOFT,BKD5C,5000,OTA,f,1,0,,
D02_2026-04-26,D02,2026-04-26,SOFT,BKD5C,5000,DIRECT,f,1,0,,
D02_2026-04-27,D02,2026-04-27,SOFT,BKD5C,5000,DIRECT,f,1,0,,
D02_2026-04-28,D02,2026-04-28,SOFT,BKD5C,5000,DIRECT,f,1,0,,
D02_2026-04-29,D02,2026-04-29,SOFT,BKD5C,5000,DIRECT,f,1,0,,
D01_2026-04-19,D01,2026-04-19,EMPTY,,5000,OTA,f,1,0,,
D08_2026-06-20,D08,2026-06-20,SOFT,CA625F40,5780,OTA,f,1,0,Travelocity,
D08_2026-06-21,D08,2026-06-21,SOFT,CA625F40,5780,OTA,f,1,0,Travelocity,
D08_2026-06-23,D08,2026-06-23,SOFT,8C16A3A1,5700,OTA,f,1,0,Priceline,
D08_2026-06-25,D08,2026-06-25,SOFT,DEAB353E,5580,OTA,f,1,0,Expedia,
D08_2026-06-26,D08,2026-06-26,SOFT,DEAB353E,5580,OTA,f,1,0,Expedia,
D08_2026-06-27,D08,2026-06-27,SOFT,DEAB353E,5580,OTA,f,1,0,Expedia,
D01_2026-04-17,D01,2026-04-17,SOFT,BKD6B,5000,OTA,f,1,0,,
D08_2026-06-28,D08,2026-06-28,SOFT,DEAB353E,5580,OTA,f,1,0,Expedia,
D09_2026-05-31,D09,2026-05-31,SOFT,3C18B817,5950,DIRECT,f,1,0,,
D09_2026-06-01,D09,2026-06-01,SOFT,3C18B817,5950,DIRECT,f,1,0,,
D09_2026-06-02,D09,2026-06-02,SOFT,60BE6992,5970,OTA,f,1,0,Booking.com,
D09_2026-06-03,D09,2026-06-03,SOFT,60BE6992,5970,OTA,f,1,0,Booking.com,
D09_2026-06-05,D09,2026-06-05,SOFT,E56D832C,6320,DIRECT,f,1,0,,
D01_2026-04-18,D01,2026-04-18,SOFT,BKD6B,5000,OTA,f,1,0,,
D09_2026-06-06,D09,2026-06-06,SOFT,E56D832C,6320,DIRECT,f,1,0,,
S02_2026-04-09,S02,2026-04-09,SOFT,BKS4A,2500,OTA,f,1,0,,
S08_2026-04-09,S08,2026-04-09,EMPTY,,3000,OTA,f,1,0,,
D09_2026-06-07,D09,2026-06-07,SOFT,E56D832C,6320,DIRECT,f,1,0,,
D01_2026-04-26,D01,2026-04-26,SOFT,BKD2D,5000,DIRECT,f,1,0,,
D01_2026-04-27,D01,2026-04-27,SOFT,BKD2D,5000,DIRECT,f,1,0,,
D01_2026-04-28,D01,2026-04-28,SOFT,BKD2D,5000,DIRECT,f,1,0,,
D01_2026-04-29,D01,2026-04-29,SOFT,BKD2D,5000,DIRECT,f,1,0,,
D09_2026-06-08,D09,2026-06-08,SOFT,B1B89D50,5520,OTA,f,1,0,Priceline,
D09_2026-06-11,D09,2026-06-11,SOFT,940E36AF,5680,OTA,f,1,0,Priceline,
D09_2026-06-12,D09,2026-06-12,SOFT,940E36AF,5680,OTA,f,1,0,Priceline,
D09_2026-06-13,D09,2026-06-13,SOFT,C5517E38,5710,OTA,f,1,0,Hotels.com,
D09_2026-06-16,D09,2026-06-16,SOFT,F91B49D6,5790,OTA,f,1,0,Priceline,
D09_2026-06-17,D09,2026-06-17,SOFT,F91B49D6,5790,OTA,f,1,0,Priceline,
D09_2026-06-19,D09,2026-06-19,SOFT,13743EAA,5800,OTA,f,1,0,Expedia,
D09_2026-06-20,D09,2026-06-20,SOFT,13743EAA,5800,OTA,f,1,0,Expedia,
D09_2026-06-21,D09,2026-06-21,SOFT,13743EAA,5800,OTA,f,1,0,Expedia,
D01_2026-04-24,D01,2026-04-24,SOFT,BKD7C,5000,DIRECT,f,1,0,,
D01_2026-04-25,D01,2026-04-25,SOFT,BKD7C,5000,DIRECT,f,1,0,,
D09_2026-06-26,D09,2026-06-26,SOFT,19E4B9DA,5850,OTA,f,1,0,Expedia,
D09_2026-06-27,D09,2026-06-27,SOFT,DC62D4E4,5820,OTA,f,1,0,Expedia,
D01_2026-04-20,D01,2026-04-20,SOFT,55F8FF52,5000,OTA,f,1,0,,
D01_2026-04-21,D01,2026-04-21,SOFT,55F8FF52,5000,OTA,f,1,0,,
D01_2026-04-22,D01,2026-04-22,SOFT,55F8FF52,5000,OTA,t,1,0,,
D09_2026-06-28,D09,2026-06-28,SOFT,DC62D4E4,5820,OTA,f,1,0,Expedia,
D09_2026-06-29,D09,2026-06-29,SOFT,DC62D4E4,5820,OTA,f,1,0,Expedia,
D10_2026-05-31,D10,2026-05-31,SOFT,1E629DB9,6470,DIRECT,f,1,0,,
D10_2026-06-03,D10,2026-06-03,SOFT,B5514CEB,6310,OTA,f,1,0,Booking.com,
S05_2026-04-17,S05,2026-04-17,EMPTY,,2800,OTA,f,1,0,,
S03_2026-04-22,S03,2026-04-22,EMPTY,,2500,OTA,f,1,0,,
D10_2026-06-04,D10,2026-06-04,SOFT,B5514CEB,6310,OTA,f,1,0,Booking.com,
D10_2026-06-06,D10,2026-06-06,SOFT,B4547012,6840,DIRECT,f,1,0,,
D10_2026-06-07,D10,2026-06-07,SOFT,B4547012,6840,DIRECT,f,1,0,,
D10_2026-06-12,D10,2026-06-12,SOFT,23095461,6010,OTA,f,1,0,Travelocity,
D10_2026-06-13,D10,2026-06-13,SOFT,23095461,6010,OTA,f,1,0,Travelocity,
D10_2026-06-14,D10,2026-06-14,SOFT,69D10481,6630,DIRECT,f,1,0,,
D10_2026-06-15,D10,2026-06-15,SOFT,69D10481,6630,DIRECT,f,1,0,,
D10_2026-06-17,D10,2026-06-17,SOFT,6D17427F,6690,DIRECT,f,1,0,,
D10_2026-06-19,D10,2026-06-19,SOFT,B1A94A7C,6590,DIRECT,f,1,0,,
D10_2026-06-20,D10,2026-06-20,SOFT,B1A94A7C,6590,DIRECT,f,1,0,,
D10_2026-06-21,D10,2026-06-21,SOFT,B1A94A7C,6590,DIRECT,f,1,0,,
D10_2026-06-22,D10,2026-06-22,SOFT,B1A94A7C,6590,DIRECT,f,1,0,,
D10_2026-06-27,D10,2026-06-27,SOFT,52C5BDB6,6600,DIRECT,f,1,0,,
U01_2026-05-31,U01,2026-05-31,SOFT,F47148AA,8580,OTA,f,1,0,Booking.com,
U01_2026-06-01,U01,2026-06-01,SOFT,F47148AA,8580,OTA,f,1,0,Booking.com,
U01_2026-06-03,U01,2026-06-03,SOFT,6FBE8176,9690,DIRECT,f,1,0,,
U01_2026-06-06,U01,2026-06-06,SOFT,9B60A7F3,8860,OTA,f,1,0,Hotels.com,
U01_2026-06-07,U01,2026-06-07,SOFT,3786FEB7,9490,DIRECT,f,1,0,,
U01_2026-06-09,U01,2026-06-09,SOFT,0567469E,8800,OTA,f,1,0,Expedia,
U01_2026-06-12,U01,2026-06-12,SOFT,74ED140B,8490,OTA,f,1,0,Expedia,
U01_2026-06-13,U01,2026-06-13,SOFT,74ED140B,8490,OTA,f,1,0,Expedia,
U01_2026-06-14,U01,2026-06-14,SOFT,74ED140B,8490,OTA,f,1,0,Expedia,
U01_2026-06-16,U01,2026-06-16,SOFT,1E505C96,9400,DIRECT,f,1,0,,
U01_2026-06-19,U01,2026-06-19,SOFT,8DFC036D,8480,OTA,f,1,0,Travelocity,
U01_2026-06-20,U01,2026-06-20,SOFT,61ED60CE,8510,OTA,f,1,0,Priceline,
U01_2026-06-21,U01,2026-06-21,SOFT,61ED60CE,8510,OTA,f,1,0,Priceline,
U01_2026-06-22,U01,2026-06-22,SOFT,61ED60CE,8510,OTA,f,1,0,Priceline,
U01_2026-06-26,U01,2026-06-26,SOFT,070E88AF,9060,DIRECT,f,1,0,,
U01_2026-06-27,U01,2026-06-27,SOFT,070E88AF,9060,DIRECT,f,1,0,,
U01_2026-06-29,U01,2026-06-29,SOFT,3156DD00,8990,OTA,f,1,0,Hotels.com,
U02_2026-05-31,U02,2026-05-31,SOFT,61A7576D,9400,DIRECT,f,1,0,,
U02_2026-06-01,U02,2026-06-01,SOFT,61A7576D,9400,DIRECT,f,1,0,,
U02_2026-06-02,U02,2026-06-02,SOFT,61A7576D,9400,DIRECT,f,1,0,,
U02_2026-06-03,U02,2026-06-03,SOFT,61A7576D,9400,DIRECT,f,1,0,,
E07_2026-04-10,E07,2026-04-10,EMPTY,,1500,OTA,f,1,0,,
E07_2026-04-11,E07,2026-04-11,EMPTY,,1500,OTA,f,1,0,,
E07_2026-04-12,E07,2026-04-12,EMPTY,,1500,OTA,f,1,0,,
U02_2026-06-06,U02,2026-06-06,SOFT,390F681A,8460,OTA,f,1,0,Expedia,
S01_2026-04-18,S01,2026-04-18,SOFT,BKS9B,2000,OTA,t,1,0,,
S01_2026-04-19,S01,2026-04-19,SOFT,BKS9B,2500,DIRECT,f,1,0,,
S01_2026-04-20,S01,2026-04-20,SOFT,BKS9B,2500,DIRECT,f,1,0,,
U02_2026-06-07,U02,2026-06-07,SOFT,390F681A,8460,OTA,f,1,0,Expedia,
U02_2026-06-10,U02,2026-06-10,SOFT,59CA6224,8930,OTA,f,1,0,Priceline,
U02_2026-06-11,U02,2026-06-11,SOFT,59CA6224,8930,OTA,f,1,0,Priceline,
U02_2026-06-12,U02,2026-06-12,SOFT,E95E63EA,8830,OTA,f,1,0,Booking.com,
U02_2026-06-13,U02,2026-06-13,SOFT,E95E63EA,8830,OTA,f,1,0,Booking.com,
S01_2026-04-21,S01,2026-04-21,SOFT,BKS9B,2500,DIRECT,f,1,0,,
U02_2026-06-14,U02,2026-06-14,SOFT,E95E63EA,8830,OTA,f,1,0,Booking.com,
U02_2026-06-16,U02,2026-06-16,SOFT,9A8FF2E3,8820,OTA,f,1,0,Booking.com,
U02_2026-06-17,U02,2026-06-17,SOFT,9A8FF2E3,8820,OTA,f,1,0,Booking.com,
U02_2026-06-19,U02,2026-06-19,SOFT,085B09D1,8850,OTA,f,1,0,Priceline,
S01_2026-04-22,S01,2026-04-22,SOFT,BKS9B,2500,DIRECT,f,1,0,,
U02_2026-06-20,U02,2026-06-20,SOFT,085B09D1,8850,OTA,f,1,0,Priceline,
U02_2026-06-21,U02,2026-06-21,SOFT,085B09D1,8850,OTA,f,1,0,Priceline,
U02_2026-06-23,U02,2026-06-23,SOFT,F9E42994,8810,DIRECT,f,1,0,,
U02_2026-06-26,U02,2026-06-26,SOFT,EFD44809,8570,OTA,f,1,0,Orbitz,
U02_2026-06-27,U02,2026-06-27,SOFT,EFD44809,8570,OTA,f,1,0,Orbitz,
U02_2026-06-29,U02,2026-06-29,SOFT,5134407E,8500,OTA,f,1,0,Priceline,
U03_2026-05-31,U03,2026-05-31,SOFT,AA1DCA89,8980,OTA,f,1,0,Priceline,
U03_2026-06-01,U03,2026-06-01,SOFT,AA1DCA89,8980,OTA,f,1,0,Priceline,
U03_2026-06-02,U03,2026-06-02,SOFT,A837AC0D,10100,DIRECT,f,1,0,,
U03_2026-06-04,U03,2026-06-04,SOFT,82C34236,9950,DIRECT,f,1,0,,
S05_2026-04-18,S05,2026-04-18,EMPTY,,2800,OTA,f,1,0,,
S05_2026-04-19,S05,2026-04-19,EMPTY,,2800,OTA,f,1,0,,
U03_2026-06-05,U03,2026-06-05,SOFT,82C34236,9950,DIRECT,f,1,0,,
U03_2026-06-06,U03,2026-06-06,SOFT,82C34236,9950,DIRECT,f,1,0,,
U03_2026-06-07,U03,2026-06-07,SOFT,AC1A7132,10020,DIRECT,f,1,0,,
U03_2026-06-09,U03,2026-06-09,SOFT,E4746229,9340,OTA,f,1,0,Booking.com,
S05_2026-04-20,S05,2026-04-20,SOFT,BKS7C,2800,OTA,f,1,0,,
S05_2026-04-21,S05,2026-04-21,SOFT,BKS7C,2800,OTA,f,1,0,,
S05_2026-04-22,S05,2026-04-22,SOFT,BKS7C,2800,OTA,f,1,0,,
S05_2026-04-23,S05,2026-04-23,SOFT,BKS7C,2800,OTA,f,1,0,,
U03_2026-06-11,U03,2026-06-11,SOFT,659CB99D,9180,OTA,f,1,0,Expedia,
U03_2026-06-12,U03,2026-06-12,SOFT,659CB99D,9180,OTA,f,1,0,Expedia,
U03_2026-06-13,U03,2026-06-13,SOFT,649F699F,9120,OTA,f,1,0,Orbitz,
U03_2026-06-14,U03,2026-06-14,SOFT,649F699F,9120,OTA,f,1,0,Orbitz,
U03_2026-06-15,U03,2026-06-15,SOFT,649F699F,9120,OTA,f,1,0,Orbitz,
U03_2026-06-16,U03,2026-06-16,SOFT,649F699F,9120,OTA,f,1,0,Orbitz,
U03_2026-06-17,U03,2026-06-17,SOFT,9EBDB753,9360,OTA,f,1,0,Expedia,
U03_2026-06-19,U03,2026-06-19,SOFT,FCAA6B4E,10220,DIRECT,f,1,0,,
U03_2026-06-20,U03,2026-06-20,SOFT,FCAA6B4E,10220,DIRECT,f,1,0,,
U03_2026-06-21,U03,2026-06-21,SOFT,FCAA6B4E,10220,DIRECT,f,1,0,,
E08_2026-04-10,E08,2026-04-10,EMPTY,,1500,OTA,f,1,0,,
U03_2026-06-23,U03,2026-06-23,SOFT,A7CC688B,8940,OTA,f,1,0,Travelocity,
U03_2026-06-24,U03,2026-06-24,SOFT,A7CC688B,8940,OTA,f,1,0,Travelocity,
U03_2026-06-26,U03,2026-06-26,SOFT,1CD66B5C,9980,DIRECT,f,1,0,,
U03_2026-06-27,U03,2026-06-27,SOFT,1CD66B5C,9980,DIRECT,f,1,0,,
S01_2026-04-23,S01,2026-04-23,SOFT,BKS9B,2500,DIRECT,f,1,0,,
S01_2026-04-24,S01,2026-04-24,SOFT,BKS9B,2500,OTA,t,1,0,,
U04_2026-05-31,U04,2026-05-31,SOFT,7274A821,9150,OTA,f,1,0,Expedia,
S03_2026-04-24,S03,2026-04-24,EMPTY,,2500,OTA,t,1,0,,
U04_2026-06-01,U04,2026-06-01,SOFT,7274A821,9150,OTA,f,1,0,Expedia,
U04_2026-06-02,U04,2026-06-02,SOFT,7274A821,9150,OTA,f,1,0,Expedia,
U04_2026-06-04,U04,2026-06-04,SOFT,33834FC0,8900,OTA,f,1,0,Expedia,
U04_2026-06-05,U04,2026-06-05,SOFT,33834FC0,8900,OTA,f,1,0,Expedia,
U04_2026-06-06,U04,2026-06-06,SOFT,DD549840,8940,OTA,f,1,0,Orbitz,
U04_2026-06-08,U04,2026-06-08,SOFT,CBF33E9B,9130,OTA,f,1,0,Hotels.com,
U04_2026-06-10,U04,2026-06-10,SOFT,8141230E,10150,DIRECT,f,1,0,,
U04_2026-06-11,U04,2026-06-11,SOFT,A5448ADF,10210,DIRECT,f,1,0,,
U04_2026-06-12,U04,2026-06-12,SOFT,A5448ADF,10210,DIRECT,f,1,0,,
U04_2026-06-13,U04,2026-06-13,SOFT,A5448ADF,10210,DIRECT,f,1,0,,
U04_2026-06-16,U04,2026-06-16,SOFT,090AF31F,9180,OTA,f,1,0,Travelocity,
U04_2026-06-18,U04,2026-06-18,SOFT,2D8F9BCB,10210,DIRECT,f,1,0,,
U04_2026-06-19,U04,2026-06-19,SOFT,2D8F9BCB,10210,DIRECT,f,1,0,,
U04_2026-06-20,U04,2026-06-20,SOFT,7F5F11BE,9260,DIRECT,f,1,0,,
U04_2026-06-21,U04,2026-06-21,SOFT,7F5F11BE,9260,DIRECT,f,1,0,,
U04_2026-06-23,U04,2026-06-23,SOFT,7F8748A9,9500,DIRECT,f,1,0,,
U04_2026-06-24,U04,2026-06-24,SOFT,7F8748A9,9500,DIRECT,f,1,0,,
U04_2026-06-25,U04,2026-06-25,SOFT,1C3AD883,9390,DIRECT,f,1,0,,
U04_2026-06-26,U04,2026-06-26,SOFT,1C3AD883,9390,DIRECT,f,1,0,,
U04_2026-06-27,U04,2026-06-27,SOFT,1C3AD883,9390,DIRECT,f,1,0,,
U04_2026-06-29,U04,2026-06-29,SOFT,9DB1F10C,9880,DIRECT,f,1,0,,
U05_2026-05-31,U05,2026-05-31,SOFT,0BA078B7,9940,OTA,f,1,0,Booking.com,
U05_2026-06-05,U05,2026-06-05,SOFT,C3C2712E,9650,OTA,f,1,0,Hotels.com,
U05_2026-06-07,U05,2026-06-07,SOFT,A544014F,10450,DIRECT,f,1,0,,
U05_2026-06-09,U05,2026-06-09,SOFT,DDA76EA6,9460,OTA,f,1,0,Hotels.com,
U05_2026-06-10,U05,2026-06-10,SOFT,DDA76EA6,9460,OTA,f,1,0,Hotels.com,
U05_2026-06-12,U05,2026-06-12,SOFT,91B719C0,9540,OTA,f,1,0,Travelocity,
U05_2026-06-13,U05,2026-06-13,SOFT,91B719C0,9540,OTA,f,1,0,Travelocity,
U05_2026-06-14,U05,2026-06-14,SOFT,91B719C0,9540,OTA,f,1,0,Travelocity,
U05_2026-06-15,U05,2026-06-15,SOFT,100CA693,9660,OTA,f,1,0,Priceline,
U05_2026-06-16,U05,2026-06-16,SOFT,100CA693,9660,OTA,f,1,0,Priceline,
U05_2026-06-17,U05,2026-06-17,SOFT,121B67B0,10250,DIRECT,f,1,0,,
U05_2026-06-19,U05,2026-06-19,SOFT,E8ABEBB9,9530,OTA,f,1,0,Travelocity,
U05_2026-06-20,U05,2026-06-20,SOFT,E8ABEBB9,9530,OTA,f,1,0,Travelocity,
U05_2026-06-22,U05,2026-06-22,SOFT,1ACAFE72,9410,OTA,f,1,0,Expedia,
U05_2026-06-25,U05,2026-06-25,SOFT,4068BD3C,10650,DIRECT,f,1,0,,
U05_2026-06-27,U05,2026-06-27,SOFT,0C2C9D34,9580,OTA,f,1,0,Booking.com,
U05_2026-06-28,U05,2026-06-28,SOFT,0C2C9D34,9580,OTA,f,1,0,Booking.com,
U06_2026-05-31,U06,2026-05-31,SOFT,75414EE6,9960,OTA,f,1,0,Expedia,
U06_2026-06-03,U06,2026-06-03,SOFT,7F866C1E,9440,OTA,f,1,0,Orbitz,
U06_2026-06-04,U06,2026-06-04,SOFT,7F866C1E,9440,OTA,f,1,0,Orbitz,
U06_2026-06-05,U06,2026-06-05,SOFT,15CA608E,10260,DIRECT,f,1,0,,
U06_2026-06-06,U06,2026-06-06,SOFT,15CA608E,10260,DIRECT,f,1,0,,
U06_2026-06-07,U06,2026-06-07,SOFT,15CA608E,10260,DIRECT,f,1,0,,
U06_2026-06-09,U06,2026-06-09,SOFT,974230B4,9280,OTA,f,1,0,Expedia,
U06_2026-06-10,U06,2026-06-10,SOFT,974230B4,9280,OTA,f,1,0,Expedia,
U06_2026-06-11,U06,2026-06-11,SOFT,974230B4,9280,OTA,f,1,0,Expedia,
U06_2026-06-12,U06,2026-06-12,SOFT,E5E13E39,9530,OTA,f,1,0,Expedia,
U06_2026-06-13,U06,2026-06-13,SOFT,3D60FD41,9790,DIRECT,f,1,0,,
U06_2026-06-15,U06,2026-06-15,SOFT,122E46FD,9830,OTA,f,1,0,Expedia,
U06_2026-06-19,U06,2026-06-19,SOFT,DF7D4EC4,9470,OTA,f,1,0,Travelocity,
U06_2026-06-21,U06,2026-06-21,SOFT,FD4B80F7,10230,DIRECT,f,1,0,,
U06_2026-06-22,U06,2026-06-22,SOFT,FD4B80F7,10230,DIRECT,f,1,0,,
U06_2026-06-25,U06,2026-06-25,SOFT,A999FBA4,9860,OTA,f,1,0,Expedia,
U06_2026-06-26,U06,2026-06-26,SOFT,A999FBA4,9860,OTA,f,1,0,Expedia,
U06_2026-06-27,U06,2026-06-27,SOFT,A999FBA4,9860,OTA,f,1,0,Expedia,
U06_2026-06-28,U06,2026-06-28,SOFT,84756DDB,9330,OTA,f,1,0,Expedia,
U07_2026-05-31,U07,2026-05-31,SOFT,BBE8DC44,9840,OTA,f,1,0,Orbitz,
U07_2026-06-02,U07,2026-06-02,SOFT,FCFA4F83,10540,DIRECT,f,1,0,,
U07_2026-06-03,U07,2026-06-03,SOFT,FCFA4F83,10540,DIRECT,f,1,0,,
U07_2026-06-04,U07,2026-06-04,SOFT,FCFA4F83,10540,DIRECT,f,1,0,,
U07_2026-06-05,U07,2026-06-05,SOFT,FCFA4F83,10540,DIRECT,f,1,0,,
U07_2026-06-06,U07,2026-06-06,SOFT,FCFA4F83,10540,DIRECT,f,1,0,,
U07_2026-06-07,U07,2026-06-07,SOFT,23DF1F3C,9660,OTA,f,1,0,Orbitz,
U07_2026-06-11,U07,2026-06-11,SOFT,EC2F78D0,9880,OTA,f,1,0,Booking.com,
U07_2026-06-12,U07,2026-06-12,SOFT,EC2F78D0,9880,OTA,f,1,0,Booking.com,
U07_2026-06-13,U07,2026-06-13,SOFT,EC2F78D0,9880,OTA,f,1,0,Booking.com,
U07_2026-06-14,U07,2026-06-14,SOFT,05F0D870,10550,DIRECT,f,1,0,,
U07_2026-06-17,U07,2026-06-17,SOFT,DF8FB467,10210,OTA,f,1,0,Booking.com,
U07_2026-06-19,U07,2026-06-19,SOFT,2F4B169A,9960,OTA,f,1,0,Booking.com,
U07_2026-06-20,U07,2026-06-20,SOFT,2F4B169A,9960,OTA,f,1,0,Booking.com,
U07_2026-06-21,U07,2026-06-21,SOFT,CA9A2AB8,10680,DIRECT,f,1,0,,
U07_2026-06-23,U07,2026-06-23,SOFT,750B181A,9950,OTA,f,1,0,Hotels.com,
U07_2026-06-24,U07,2026-06-24,SOFT,750B181A,9950,OTA,f,1,0,Hotels.com,
U07_2026-06-26,U07,2026-06-26,SOFT,59EBEDE7,9830,OTA,f,1,0,Hotels.com,
U07_2026-06-27,U07,2026-06-27,SOFT,59EBEDE7,9830,OTA,f,1,0,Hotels.com,
U07_2026-06-28,U07,2026-06-28,SOFT,62D2CD51,10340,OTA,f,1,0,Hotels.com,
U09_2026-05-31,U09,2026-05-31,SOFT,60C75438,10150,OTA,f,1,0,Priceline,
U09_2026-06-02,U09,2026-06-02,SOFT,3E4B2AC9,10930,DIRECT,f,1,0,,
U09_2026-06-06,U09,2026-06-06,SOFT,AA2BF75A,10860,DIRECT,f,1,0,,
U09_2026-06-09,U09,2026-06-09,SOFT,C37E5DCD,10960,OTA,f,1,0,Booking.com,
U09_2026-06-10,U09,2026-06-10,SOFT,C37E5DCD,10960,OTA,f,1,0,Booking.com,
U09_2026-06-12,U09,2026-06-12,SOFT,83F3944F,10330,OTA,f,1,0,Expedia,
U09_2026-06-13,U09,2026-06-13,SOFT,83F3944F,10330,OTA,f,1,0,Expedia,
U09_2026-06-14,U09,2026-06-14,SOFT,83F3944F,10330,OTA,f,1,0,Expedia,
U09_2026-06-15,U09,2026-06-15,SOFT,5ABCFB0E,11220,DIRECT,f,1,0,,
U09_2026-06-16,U09,2026-06-16,SOFT,5ABCFB0E,11220,DIRECT,f,1,0,,
U09_2026-06-18,U09,2026-06-18,SOFT,3E61D0A7,10410,OTA,f,1,0,Travelocity,
U09_2026-06-19,U09,2026-06-19,SOFT,3E61D0A7,10410,OTA,f,1,0,Travelocity,
U09_2026-06-20,U09,2026-06-20,SOFT,3E61D0A7,10410,OTA,f,1,0,Travelocity,
U09_2026-06-21,U09,2026-06-21,SOFT,F100B8A1,11060,DIRECT,f,1,0,,
U09_2026-06-26,U09,2026-06-26,SOFT,713D9846,11570,DIRECT,f,1,0,,
U09_2026-06-27,U09,2026-06-27,SOFT,713D9846,11570,DIRECT,f,1,0,,
U09_2026-06-28,U09,2026-06-28,SOFT,F700F78D,10530,OTA,f,1,0,Priceline,
S02_2026-05-31,S02,2026-05-31,SOFT,98AEC4E1,2430,OTA,f,1,0,Hotels.com,
S02_2026-06-03,S02,2026-06-03,SOFT,A11F6182,2410,OTA,f,1,0,Booking.com,
S02_2026-06-05,S02,2026-06-05,SOFT,9128466D,2340,OTA,f,1,0,Expedia,
S02_2026-06-06,S02,2026-06-06,SOFT,9128466D,2340,OTA,f,1,0,Expedia,
S02_2026-06-07,S02,2026-06-07,SOFT,9128466D,2340,OTA,f,1,0,Expedia,
S02_2026-06-08,S02,2026-06-08,SOFT,38077978,2430,OTA,f,1,0,Hotels.com,
S02_2026-06-13,S02,2026-06-13,SOFT,B64A1D34,2340,OTA,f,1,0,Travelocity,
S02_2026-06-15,S02,2026-06-15,SOFT,A5029D3A,2490,DIRECT,f,1,0,,
S02_2026-06-19,S02,2026-06-19,SOFT,8629B1E1,2480,OTA,f,1,0,Priceline,
S02_2026-06-20,S02,2026-06-20,SOFT,8629B1E1,2480,OTA,f,1,0,Priceline,
S02_2026-06-22,S02,2026-06-22,SOFT,55076EC9,2530,DIRECT,f,1,0,,
S02_2026-06-26,S02,2026-06-26,SOFT,CA94BC5B,2360,OTA,f,1,0,Booking.com,
S02_2026-06-28,S02,2026-06-28,SOFT,F805B7F5,2350,OTA,f,1,0,Expedia,
S03_2026-05-31,S03,2026-05-31,SOFT,D8A2AF7A,2520,DIRECT,f,1,0,,
S03_2026-06-04,S03,2026-06-04,SOFT,49A0BC56,2430,OTA,f,1,0,Travelocity,
S03_2026-06-05,S03,2026-06-05,SOFT,B945D175,2420,OTA,f,1,0,Travelocity,
S03_2026-06-06,S03,2026-06-06,SOFT,B945D175,2420,OTA,f,1,0,Travelocity,
S03_2026-06-07,S03,2026-06-07,SOFT,B945D175,2420,OTA,f,1,0,Travelocity,
S03_2026-06-12,S03,2026-06-12,SOFT,1D6768EB,2570,DIRECT,f,1,0,,
S03_2026-06-13,S03,2026-06-13,SOFT,1D6768EB,2570,DIRECT,f,1,0,,
S03_2026-06-14,S03,2026-06-14,SOFT,1D6768EB,2570,DIRECT,f,1,0,,
S03_2026-06-17,S03,2026-06-17,SOFT,A7657093,2420,OTA,f,1,0,Priceline,
S03_2026-06-20,S03,2026-06-20,SOFT,5E7F11A5,2440,DIRECT,f,1,0,,
S03_2026-06-21,S03,2026-06-21,SOFT,5E7F11A5,2440,DIRECT,f,1,0,,
S03_2026-06-23,S03,2026-06-23,SOFT,B516785B,2430,OTA,f,1,0,Booking.com,
S03_2026-06-26,S03,2026-06-26,SOFT,26210A31,2420,OTA,f,1,0,Expedia,
S03_2026-06-27,S03,2026-06-27,SOFT,26210A31,2420,OTA,f,1,0,Expedia,
S03_2026-06-29,S03,2026-06-29,SOFT,04FBB521,2310,OTA,f,1,0,Priceline,
S05_2026-05-31,S05,2026-05-31,SOFT,46BBFAB9,2760,OTA,f,1,0,Priceline,
S05_2026-06-03,S05,2026-06-03,SOFT,9A97C7DA,2650,OTA,f,1,0,Expedia,
S05_2026-06-04,S05,2026-06-04,SOFT,9A97C7DA,2650,OTA,f,1,0,Expedia,
S05_2026-06-06,S05,2026-06-06,SOFT,105B3559,2760,DIRECT,f,1,0,,
S05_2026-06-10,S05,2026-06-10,SOFT,10A072A4,2730,DIRECT,f,1,0,,
S05_2026-06-12,S05,2026-06-12,SOFT,0A5912CE,2760,OTA,f,1,0,Hotels.com,
S05_2026-06-13,S05,2026-06-13,SOFT,0A5912CE,2760,OTA,f,1,0,Hotels.com,
S05_2026-06-16,S05,2026-06-16,SOFT,29CB2593,2930,DIRECT,f,1,0,,
S05_2026-06-18,S05,2026-06-18,SOFT,8EF9BAF5,2970,DIRECT,f,1,0,,
S05_2026-06-19,S05,2026-06-19,SOFT,8EF9BAF5,2970,DIRECT,f,1,0,,
D09_2026-04-11,D09,2026-04-11,EMPTY,,6000,OTA,f,1,0,,
D09_2026-04-12,D09,2026-04-12,EMPTY,,6000,OTA,f,1,0,,
D09_2026-04-10,D09,2026-04-10,SOFT,BKD4A,6000,OTA,f,1,0,,
E09_2026-05-31,E09,2026-05-31,SOFT,6428DF4B,1500,OTA,f,1,0,Priceline,
D09_2026-04-19,D09,2026-04-19,EMPTY,,6000,OTA,f,1,0,,
S05_2026-06-20,S05,2026-06-20,SOFT,8EF9BAF5,2970,DIRECT,f,1,0,,
S05_2026-06-22,S05,2026-06-22,SOFT,31B5A726,2690,OTA,f,1,0,Expedia,
S05_2026-06-25,S05,2026-06-25,SOFT,1FACEF08,2630,OTA,f,1,0,Priceline,
S05_2026-06-26,S05,2026-06-26,SOFT,F77DB266,2650,OTA,f,1,0,Priceline,
S05_2026-06-28,S05,2026-06-28,SOFT,F93A3A29,2730,OTA,f,1,0,Hotels.com,
S06_2026-05-31,S06,2026-05-31,SOFT,ABC50E53,2760,OTA,f,1,0,Priceline,
S06_2026-06-03,S06,2026-06-03,SOFT,91B40AC1,2610,OTA,f,1,0,Booking.com,
S06_2026-06-04,S06,2026-06-04,SOFT,91B40AC1,2610,OTA,f,1,0,Booking.com,
S06_2026-06-05,S06,2026-06-05,SOFT,636C9C33,2800,DIRECT,f,1,0,,
S06_2026-06-07,S06,2026-06-07,SOFT,C679F00F,2780,OTA,f,1,0,Expedia,
S06_2026-06-09,S06,2026-06-09,SOFT,0B93F28B,2960,DIRECT,f,1,0,,
S06_2026-06-10,S06,2026-06-10,SOFT,0B93F28B,2960,DIRECT,f,1,0,,
S06_2026-06-12,S06,2026-06-12,SOFT,DB93CFA4,2740,OTA,f,1,0,Hotels.com,
D09_2026-04-08,D09,2026-04-08,SOFT,BKD6A,6000,OTA,f,1,0,,
D09_2026-04-09,D09,2026-04-09,SOFT,BKD6A,6000,OTA,f,1,0,,
S06_2026-06-16,S06,2026-06-16,SOFT,B04DEC36,2770,OTA,f,1,0,Hotels.com,
S06_2026-06-19,S06,2026-06-19,SOFT,782B4B39,2700,OTA,f,1,0,Priceline,
S06_2026-06-25,S06,2026-06-25,SOFT,DF3AAC55,2760,OTA,f,1,0,Booking.com,
S06_2026-06-26,S06,2026-06-26,SOFT,DF3AAC55,2760,OTA,f,1,0,Booking.com,
S06_2026-06-27,S06,2026-06-27,SOFT,DF3AAC55,2760,OTA,f,1,0,Booking.com,
S06_2026-06-29,S06,2026-06-29,SOFT,B1B07EB6,3000,DIRECT,f,1,0,,
S07_2026-05-31,S07,2026-05-31,SOFT,DD5AC5BD,2910,OTA,f,1,0,Hotels.com,
S07_2026-06-04,S07,2026-06-04,SOFT,B806B2A3,2810,OTA,f,1,0,Travelocity,
S07_2026-06-05,S07,2026-06-05,SOFT,B806B2A3,2810,OTA,f,1,0,Travelocity,
S07_2026-06-07,S07,2026-06-07,SOFT,B5676388,3020,DIRECT,f,1,0,,
S07_2026-06-08,S07,2026-06-08,SOFT,B5676388,3020,DIRECT,f,1,0,,
S07_2026-06-12,S07,2026-06-12,SOFT,228B026D,2960,OTA,f,1,0,Expedia,
S07_2026-06-13,S07,2026-06-13,SOFT,228B026D,2960,OTA,f,1,0,Expedia,
S07_2026-06-14,S07,2026-06-14,SOFT,228B026D,2960,OTA,f,1,0,Expedia,
S07_2026-06-15,S07,2026-06-15,SOFT,228B026D,2960,OTA,f,1,0,Expedia,
S07_2026-06-16,S07,2026-06-16,SOFT,A5F82C44,3040,DIRECT,f,1,0,,
S07_2026-06-17,S07,2026-06-17,SOFT,A5F82C44,3040,DIRECT,f,1,0,,
S07_2026-06-19,S07,2026-06-19,SOFT,3F9DAB1F,2890,OTA,f,1,0,Orbitz,
S07_2026-06-20,S07,2026-06-20,SOFT,3F9DAB1F,2890,OTA,f,1,0,Orbitz,
S07_2026-06-21,S07,2026-06-21,SOFT,3F9DAB1F,2890,OTA,f,1,0,Orbitz,
S07_2026-06-23,S07,2026-06-23,SOFT,DE273A3B,2840,OTA,f,1,0,Travelocity,
S07_2026-06-24,S07,2026-06-24,SOFT,DE273A3B,2840,OTA,f,1,0,Travelocity,
S07_2026-06-26,S07,2026-06-26,SOFT,013248D8,2910,OTA,f,1,0,Hotels.com,
S07_2026-06-27,S07,2026-06-27,SOFT,013248D8,2910,OTA,f,1,0,Hotels.com,
S07_2026-06-28,S07,2026-06-28,SOFT,013248D8,2910,OTA,f,1,0,Hotels.com,
S07_2026-06-29,S07,2026-06-29,SOFT,013248D8,2910,OTA,f,1,0,Hotels.com,
S09_2026-05-31,S09,2026-05-31,SOFT,3BC5E5D9,2950,OTA,f,1,0,Priceline,
S09_2026-06-01,S09,2026-06-01,SOFT,3BC5E5D9,2950,OTA,f,1,0,Priceline,
S09_2026-06-05,S09,2026-06-05,SOFT,C320F67B,2990,OTA,f,1,0,Travelocity,
S09_2026-06-06,S09,2026-06-06,SOFT,C320F67B,2990,OTA,f,1,0,Travelocity,
S09_2026-06-07,S09,2026-06-07,SOFT,2FF0118E,2990,OTA,f,1,0,Hotels.com,
S09_2026-06-08,S09,2026-06-08,SOFT,2FF0118E,2990,OTA,f,1,0,Hotels.com,
S09_2026-06-10,S09,2026-06-10,SOFT,5F0C8E4F,2840,OTA,f,1,0,Hotels.com,
S09_2026-06-11,S09,2026-06-11,SOFT,5F0C8E4F,2840,OTA,f,1,0,Hotels.com,
S09_2026-06-13,S09,2026-06-13,SOFT,ACA6B860,2860,OTA,f,1,0,Hotels.com,
S09_2026-06-14,S09,2026-06-14,SOFT,ACA6B860,2860,OTA,f,1,0,Hotels.com,
S09_2026-06-16,S09,2026-06-16,SOFT,9DC6D681,2770,OTA,f,1,0,Hotels.com,
S09_2026-06-20,S09,2026-06-20,SOFT,D2454871,3120,DIRECT,f,1,0,,
S09_2026-06-21,S09,2026-06-21,SOFT,D2454871,3120,DIRECT,f,1,0,,
S09_2026-06-25,S09,2026-06-25,SOFT,A9F4D168,2930,OTA,f,1,0,Travelocity,
S09_2026-06-26,S09,2026-06-26,SOFT,A9F4D168,2930,OTA,f,1,0,Travelocity,
S09_2026-06-27,S09,2026-06-27,SOFT,A9F4D168,2930,OTA,f,1,0,Travelocity,
S09_2026-06-28,S09,2026-06-28,SOFT,CAC24EFA,2840,OTA,f,1,0,Priceline,
S09_2026-06-29,S09,2026-06-29,SOFT,CAC24EFA,2840,OTA,f,1,0,Priceline,
E09_2026-06-01,E09,2026-06-01,SOFT,6428DF4B,1500,OTA,f,1,0,Priceline,
D05_2026-04-13,D05,2026-04-13,SOFT,BKD1A,5500,OTA,f,1,0,,
D01_2026-04-13,D01,2026-04-13,SOFT,BKD6B,5000,OTA,f,1,0,,
D01_2026-04-08,D01,2026-04-08,SOFT,BKD3A,5000,OTA,f,1,0,,
D01_2026-04-09,D01,2026-04-09,SOFT,BKD3A,5000,OTA,f,1,0,,
D01_2026-04-10,D01,2026-04-10,SOFT,BKD3A,5000,OTA,f,1,0,,
D01_2026-04-11,D01,2026-04-11,SOFT,BKD3A,5000,OTA,f,1,0,,
D01_2026-04-12,D01,2026-04-12,SOFT,BKD3A,5000,OTA,f,1,0,,
D04_2026-06-01,D04,2026-06-01,SOFT,6BC2EC11,5310,OTA,f,1,0,Hotels.com,
D04_2026-06-04,D04,2026-06-04,SOFT,E71752E3,5490,OTA,f,1,0,Travelocity,
D04_2026-06-05,D04,2026-06-05,SOFT,E71752E3,5490,OTA,f,1,0,Travelocity,
D04_2026-06-06,D04,2026-06-06,SOFT,E71752E3,5490,OTA,f,1,0,Travelocity,
D04_2026-06-10,D04,2026-06-10,SOFT,D7F480B2,5090,OTA,f,1,0,Priceline,
D04_2026-06-11,D04,2026-06-11,SOFT,D7F480B2,5090,OTA,f,1,0,Priceline,
D04_2026-06-12,D04,2026-06-12,SOFT,D7F480B2,5090,OTA,f,1,0,Priceline,
D04_2026-06-13,D04,2026-06-13,SOFT,D7F480B2,5090,OTA,f,1,0,Priceline,
D04_2026-06-14,D04,2026-06-14,SOFT,D7F480B2,5090,OTA,f,1,0,Priceline,
D04_2026-06-15,D04,2026-06-15,SOFT,AF2F4680,5750,DIRECT,f,1,0,,
D04_2026-06-17,D04,2026-06-17,SOFT,F3832197,5330,OTA,f,1,0,Booking.com,
D04_2026-06-18,D04,2026-06-18,SOFT,F3832197,5330,OTA,f,1,0,Booking.com,
D04_2026-06-19,D04,2026-06-19,SOFT,9B88590C,5250,OTA,f,1,0,Hotels.com,
D04_2026-06-20,D04,2026-06-20,SOFT,9B88590C,5250,OTA,f,1,0,Hotels.com,
D04_2026-06-21,D04,2026-06-21,SOFT,9B88590C,5250,OTA,f,1,0,Hotels.com,
D04_2026-06-22,D04,2026-06-22,SOFT,5C8C654A,5080,OTA,f,1,0,Booking.com,
S02_2026-04-23,S02,2026-04-23,SOFT,686481BE,2500,DIRECT,f,1,0,,
S02_2026-04-18,S02,2026-04-18,SOFT,BKS4C,2500,OTA,f,1,0,,
S02_2026-04-19,S02,2026-04-19,SOFT,BKS4C,2500,OTA,f,1,0,,
S02_2026-04-20,S02,2026-04-20,SOFT,BKS4C,2500,OTA,t,1,0,,
D04_2026-06-23,D04,2026-06-23,SOFT,5C8C654A,5080,OTA,f,1,0,Booking.com,
D04_2026-06-25,D04,2026-06-25,SOFT,D5613AAF,5920,DIRECT,f,1,0,,
D04_2026-06-26,D04,2026-06-26,SOFT,D5613AAF,5920,DIRECT,f,1,0,,
S02_2026-04-21,S02,2026-04-21,SOFT,BKS4C,2500,DIRECT,f,1,0,,
S02_2026-04-22,S02,2026-04-22,SOFT,BKS4C,2500,DIRECT,f,1,0,,
D04_2026-06-27,D04,2026-06-27,SOFT,D5613AAF,5920,DIRECT,f,1,0,,
D04_2026-06-28,D04,2026-06-28,SOFT,D5613AAF,5920,DIRECT,f,1,0,,
D05_2026-06-01,D05,2026-06-01,SOFT,1B028986,5310,OTA,f,1,0,Priceline,
D05_2026-06-02,D05,2026-06-02,SOFT,1B028986,5310,OTA,f,1,0,Priceline,
D05_2026-06-03,D05,2026-06-03,SOFT,1B028986,5310,OTA,f,1,0,Priceline,
S02_2026-04-17,S02,2026-04-17,SOFT,1064CD53,2500,OTA,f,1,0,,
D05_2026-06-06,D05,2026-06-06,SOFT,97BE2870,5380,DIRECT,f,1,0,,
D05_2026-06-07,D05,2026-06-07,SOFT,97BE2870,5380,DIRECT,f,1,0,,
D05_2026-06-09,D05,2026-06-09,SOFT,378A99CF,5470,OTA,f,1,0,Booking.com,
S08_2026-04-17,S08,2026-04-17,SOFT,BKS8B,3000,OTA,f,1,0,,
S08_2026-04-18,S08,2026-04-18,SOFT,BKS8B,3000,OTA,f,1,0,,
S08_2026-04-19,S08,2026-04-19,SOFT,BKS8B,3000,OTA,f,1,0,,
S08_2026-04-20,S08,2026-04-20,SOFT,BKS8B,3000,OTA,f,1,0,,
S08_2026-04-21,S08,2026-04-21,SOFT,BKS8B,3000,OTA,f,1,0,,
D05_2026-06-10,D05,2026-06-10,SOFT,378A99CF,5470,OTA,f,1,0,Booking.com,
S08_2026-04-22,S08,2026-04-22,SOFT,BKS8B,3000,OTA,f,1,0,,
S08_2026-04-23,S08,2026-04-23,SOFT,5AB0EDD1,3000,OTA,f,1,0,,
D05_2026-06-12,D05,2026-06-12,SOFT,082EDF5F,5340,OTA,f,1,0,Priceline,
D05_2026-06-13,D05,2026-06-13,SOFT,082EDF5F,5340,OTA,f,1,0,Priceline,
D05_2026-06-14,D05,2026-06-14,SOFT,082EDF5F,5340,OTA,f,1,0,Priceline,
D05_2026-06-17,D05,2026-06-17,SOFT,038A5E92,5550,DIRECT,f,1,0,,
D05_2026-06-19,D05,2026-06-19,SOFT,2013A647,5470,OTA,f,1,0,Hotels.com,
D05_2026-06-20,D05,2026-06-20,SOFT,2013A647,5470,OTA,f,1,0,Hotels.com,
D05_2026-06-26,D05,2026-06-26,SOFT,4DC27C55,5190,OTA,f,1,0,Expedia,
D05_2026-06-27,D05,2026-06-27,SOFT,4DC27C55,5190,OTA,f,1,0,Expedia,
D06_2026-06-01,D06,2026-06-01,SOFT,4F8F30ED,5340,OTA,f,1,0,Expedia,
D06_2026-06-04,D06,2026-06-04,SOFT,2D6AF552,5520,DIRECT,f,1,0,,
D06_2026-06-05,D06,2026-06-05,SOFT,2D6AF552,5520,DIRECT,f,1,0,,
D06_2026-06-06,D06,2026-06-06,SOFT,2D6AF552,5520,DIRECT,f,1,0,,
D06_2026-06-07,D06,2026-06-07,SOFT,2D6AF552,5520,DIRECT,f,1,0,,
D06_2026-06-10,D06,2026-06-10,SOFT,33C43E71,5070,OTA,f,1,0,Hotels.com,
D06_2026-06-11,D06,2026-06-11,SOFT,33C43E71,5070,OTA,f,1,0,Hotels.com,
D06_2026-06-12,D06,2026-06-12,SOFT,7A6022BC,5940,DIRECT,f,1,0,,
D06_2026-06-13,D06,2026-06-13,SOFT,7A6022BC,5940,DIRECT,f,1,0,,
D06_2026-06-19,D06,2026-06-19,SOFT,9C3F3DD7,5460,OTA,f,1,0,Hotels.com,
D06_2026-06-20,D06,2026-06-20,SOFT,9C3F3DD7,5460,OTA,f,1,0,Hotels.com,
D06_2026-06-21,D06,2026-06-21,SOFT,9C3F3DD7,5460,OTA,f,1,0,Hotels.com,
D06_2026-06-23,D06,2026-06-23,SOFT,B46980E5,5720,DIRECT,f,1,0,,
D06_2026-06-25,D06,2026-06-25,SOFT,7A0C7B70,5850,DIRECT,f,1,0,,
D06_2026-06-27,D06,2026-06-27,SOFT,61B99442,5120,OTA,f,1,0,Hotels.com,
D06_2026-06-28,D06,2026-06-28,SOFT,61B99442,5120,OTA,f,1,0,Hotels.com,
U08_2026-06-01,U08,2026-06-01,SOFT,1452B849,10700,DIRECT,f,1,0,,
U08_2026-06-02,U08,2026-06-02,SOFT,1452B849,10700,DIRECT,f,1,0,,
U08_2026-06-05,U08,2026-06-05,SOFT,A3EACF50,11090,DIRECT,f,1,0,,
U08_2026-06-06,U08,2026-06-06,SOFT,179C8A4C,11080,DIRECT,f,1,0,,
U08_2026-06-07,U08,2026-06-07,SOFT,179C8A4C,11080,DIRECT,f,1,0,,
U08_2026-06-11,U08,2026-06-11,SOFT,69844A2C,11260,DIRECT,f,1,0,,
U08_2026-06-12,U08,2026-06-12,SOFT,69844A2C,11260,DIRECT,f,1,0,,
U08_2026-06-13,U08,2026-06-13,SOFT,69844A2C,11260,DIRECT,f,1,0,,
S05_2026-04-25,S05,2026-04-25,EMPTY,,2800,DIRECT,f,1,0,,
S05_2026-04-30,S05,2026-04-30,EMPTY,,2800,OTA,f,1,0,,
S05_2026-04-26,S05,2026-04-26,SOFT,CD98C386,2800,DIRECT,f,1,0,,
S05_2026-04-27,S05,2026-04-27,SOFT,CD98C386,2800,DIRECT,f,1,0,,
S02_2026-04-25,S02,2026-04-25,SOFT,BKS8C,2500,DIRECT,f,1,0,,
S02_2026-04-27,S02,2026-04-27,SOFT,BKS8C,2500,OTA,f,1,0,,
S01_2026-04-25,S01,2026-04-25,SOFT,BKS6D,2500,OTA,f,1,0,,
S01_2026-04-26,S01,2026-04-26,SOFT,BKS6D,2500,OTA,f,1,0,,
S01_2026-04-27,S01,2026-04-27,SOFT,BKS6D,2500,OTA,f,1,0,,
S01_2026-04-28,S01,2026-04-28,SOFT,BKS6D,2500,OTA,f,1,0,,
U04_2026-04-15,U04,2026-04-15,SOFT,BKU2B,9500,OTA,f,1,0,,
U04_2026-04-16,U04,2026-04-16,SOFT,BKU2B,9500,OTA,f,1,0,,
U04_2026-04-17,U04,2026-04-17,SOFT,BKU2B,9500,OTA,f,1,0,,
U04_2026-04-18,U04,2026-04-18,SOFT,BKU2B,9500,OTA,f,1,0,,
U04_2026-04-19,U04,2026-04-19,SOFT,BKU2B,9500,OTA,f,1,0,,
U04_2026-04-20,U04,2026-04-20,SOFT,BKU2B,9500,OTA,f,1,0,,
S01_2026-04-29,S01,2026-04-29,SOFT,BKS6D,2500,OTA,f,1,0,,
U08_2026-06-14,U08,2026-06-14,SOFT,1EAFB84C,10330,OTA,f,1,0,Travelocity,
S02_2026-04-28,S02,2026-04-28,SOFT,BKS8C,2500,OTA,f,1,0,,
S02_2026-04-29,S02,2026-04-29,SOFT,BKS8C,2500,OTA,f,1,0,,
S05_2026-04-28,S05,2026-04-28,EMPTY,,2800,DIRECT,f,1,0,,
S05_2026-04-29,S05,2026-04-29,EMPTY,,2800,DIRECT,f,1,0,,
U08_2026-06-15,U08,2026-06-15,SOFT,1EAFB84C,10330,OTA,f,1,0,Travelocity,
U08_2026-06-16,U08,2026-06-16,SOFT,1EAFB84C,10330,OTA,f,1,0,Travelocity,
S02_2026-04-30,S02,2026-04-30,SOFT,BKS8C,2500,OTA,f,1,0,,
U08_2026-06-19,U08,2026-06-19,SOFT,96F37C26,10350,OTA,f,1,0,Priceline,
U08_2026-06-20,U08,2026-06-20,SOFT,96F37C26,10350,OTA,f,1,0,Priceline,
U08_2026-06-23,U08,2026-06-23,SOFT,10132274,9830,OTA,f,1,0,Priceline,
U08_2026-06-24,U08,2026-06-24,SOFT,D93F855F,10360,OTA,f,1,0,Travelocity,
U08_2026-06-25,U08,2026-06-25,SOFT,D93F855F,10360,OTA,f,1,0,Travelocity,
U08_2026-06-26,U08,2026-06-26,SOFT,D93F855F,10360,OTA,f,1,0,Travelocity,
U08_2026-06-27,U08,2026-06-27,SOFT,1F6FD3AD,9730,OTA,f,1,0,Travelocity,
U08_2026-06-28,U08,2026-06-28,SOFT,1F6FD3AD,9730,OTA,f,1,0,Travelocity,
U10_2026-06-01,U10,2026-06-01,SOFT,36FFEA1A,10920,DIRECT,f,1,0,,
U10_2026-06-03,U10,2026-06-03,SOFT,61979D81,11790,DIRECT,f,1,0,,
U10_2026-06-04,U10,2026-06-04,SOFT,61979D81,11790,DIRECT,f,1,0,,
U10_2026-06-05,U10,2026-06-05,SOFT,61979D81,11790,DIRECT,f,1,0,,
U10_2026-06-06,U10,2026-06-06,SOFT,9E808302,11340,DIRECT,f,1,0,,
U10_2026-06-08,U10,2026-06-08,SOFT,747E147D,10240,OTA,f,1,0,Priceline,
U10_2026-06-10,U10,2026-06-10,SOFT,3025D27E,10710,OTA,f,1,0,Priceline,
U10_2026-06-11,U10,2026-06-11,SOFT,2E653C1E,10680,OTA,f,1,0,Travelocity,
U10_2026-06-12,U10,2026-06-12,SOFT,2E653C1E,10680,OTA,f,1,0,Travelocity,
U10_2026-06-13,U10,2026-06-13,SOFT,2E653C1E,10680,OTA,f,1,0,Travelocity,
U10_2026-06-14,U10,2026-06-14,SOFT,CDFB9C7A,11500,DIRECT,f,1,0,,
U10_2026-06-18,U10,2026-06-18,SOFT,61DDC91D,10650,OTA,f,1,0,Expedia,
U10_2026-06-19,U10,2026-06-19,SOFT,61DDC91D,10650,OTA,f,1,0,Expedia,
U10_2026-06-20,U10,2026-06-20,SOFT,B83549E1,11130,DIRECT,f,1,0,,
U10_2026-06-23,U10,2026-06-23,SOFT,7BCE0FF2,10920,OTA,f,1,0,Expedia,
U10_2026-06-24,U10,2026-06-24,SOFT,7BCE0FF2,10920,OTA,f,1,0,Expedia,
U10_2026-06-25,U10,2026-06-25,SOFT,7BCE0FF2,10920,OTA,f,1,0,Expedia,
U10_2026-06-26,U10,2026-06-26,SOFT,7F30507B,10550,OTA,f,1,0,Expedia,
U10_2026-06-27,U10,2026-06-27,SOFT,7F30507B,10550,OTA,f,1,0,Expedia,
U10_2026-06-28,U10,2026-06-28,SOFT,7F30507B,10550,OTA,f,1,0,Expedia,
S01_2026-06-05,S01,2026-06-05,SOFT,8C6B7ACA,2410,OTA,f,1,0,Booking.com,
S01_2026-06-06,S01,2026-06-06,SOFT,8C6B7ACA,2410,OTA,f,1,0,Booking.com,
S01_2026-06-07,S01,2026-06-07,SOFT,F7EDDBD8,2560,DIRECT,f,1,0,,
S01_2026-06-12,S01,2026-06-12,SOFT,DA2E440E,2420,OTA,f,1,0,Priceline,
S01_2026-06-13,S01,2026-06-13,SOFT,DA2E440E,2420,OTA,f,1,0,Priceline,
S01_2026-06-15,S01,2026-06-15,SOFT,616CA5E1,2420,OTA,f,1,0,Hotels.com,
S01_2026-06-17,S01,2026-06-17,SOFT,88F3275E,2590,DIRECT,f,1,0,,
S01_2026-06-18,S01,2026-06-18,SOFT,88F3275E,2590,DIRECT,f,1,0,,
S01_2026-06-19,S01,2026-06-19,SOFT,88F3275E,2590,DIRECT,f,1,0,,
S01_2026-06-23,S01,2026-06-23,SOFT,91DCFE55,2400,OTA,f,1,0,Expedia,
S01_2026-06-24,S01,2026-06-24,SOFT,91DCFE55,2400,OTA,f,1,0,Expedia,
S01_2026-06-25,S01,2026-06-25,SOFT,87B62668,2470,DIRECT,f,1,0,,
S01_2026-06-26,S01,2026-06-26,SOFT,87B62668,2470,DIRECT,f,1,0,,
S01_2026-06-27,S01,2026-06-27,SOFT,B3CED8A6,2490,OTA,f,1,0,Expedia,
S01_2026-06-28,S01,2026-06-28,SOFT,B3CED8A6,2490,OTA,f,1,0,Expedia,
S08_2026-06-01,S08,2026-06-01,SOFT,255A2B76,2980,DIRECT,f,1,0,,
S08_2026-06-02,S08,2026-06-02,SOFT,255A2B76,2980,DIRECT,f,1,0,,
S08_2026-06-03,S08,2026-06-03,SOFT,255A2B76,2980,DIRECT,f,1,0,,
S08_2026-06-05,S08,2026-06-05,SOFT,74CBF43D,2940,DIRECT,f,1,0,,
S08_2026-06-06,S08,2026-06-06,SOFT,74CBF43D,2940,DIRECT,f,1,0,,
S08_2026-06-12,S08,2026-06-12,SOFT,A8CC6E77,2980,OTA,f,1,0,Expedia,
S08_2026-06-13,S08,2026-06-13,SOFT,A8CC6E77,2980,OTA,f,1,0,Expedia,
S08_2026-06-14,S08,2026-06-14,SOFT,E9B0BEAD,2770,OTA,f,1,0,Expedia,
S08_2026-06-15,S08,2026-06-15,SOFT,E9B0BEAD,2770,OTA,f,1,0,Expedia,
S08_2026-06-16,S08,2026-06-16,SOFT,E9B0BEAD,2770,OTA,f,1,0,Expedia,
S08_2026-06-19,S08,2026-06-19,SOFT,0D4CE6A1,2920,OTA,f,1,0,Hotels.com,
S08_2026-06-20,S08,2026-06-20,SOFT,0D4CE6A1,2920,OTA,f,1,0,Hotels.com,
S08_2026-06-21,S08,2026-06-21,SOFT,0D4CE6A1,2920,OTA,f,1,0,Hotels.com,
S08_2026-06-22,S08,2026-06-22,SOFT,8CF6C3D4,2890,OTA,f,1,0,Booking.com,
S08_2026-06-25,S08,2026-06-25,SOFT,AB8FF040,3000,OTA,f,1,0,Expedia,
S08_2026-06-26,S08,2026-06-26,SOFT,AB8FF040,3000,OTA,f,1,0,Expedia,
S10_2026-06-01,S10,2026-06-01,SOFT,F5715D8E,3030,OTA,f,1,0,Priceline,
S10_2026-06-02,S10,2026-06-02,SOFT,F5715D8E,3030,OTA,f,1,0,Priceline,
S10_2026-06-03,S10,2026-06-03,SOFT,F5715D8E,3030,OTA,f,1,0,Priceline,
S10_2026-06-06,S10,2026-06-06,SOFT,A15388E8,3160,DIRECT,f,1,0,,
S10_2026-06-07,S10,2026-06-07,SOFT,A15388E8,3160,DIRECT,f,1,0,,
S10_2026-06-12,S10,2026-06-12,SOFT,D1646A73,3060,OTA,f,1,0,Expedia,
S10_2026-06-13,S10,2026-06-13,SOFT,D1646A73,3060,OTA,f,1,0,Expedia,
S10_2026-06-14,S10,2026-06-14,SOFT,4E941E28,2950,OTA,f,1,0,Booking.com,
S10_2026-06-15,S10,2026-06-15,SOFT,4E941E28,2950,OTA,f,1,0,Booking.com,
S10_2026-06-19,S10,2026-06-19,SOFT,1DCC8335,3290,DIRECT,f,1,0,,
S10_2026-06-21,S10,2026-06-21,SOFT,D7850435,3240,DIRECT,f,1,0,,
S10_2026-06-22,S10,2026-06-22,SOFT,D7850435,3240,DIRECT,f,1,0,,
S10_2026-06-23,S10,2026-06-23,SOFT,D7850435,3240,DIRECT,f,1,0,,
S10_2026-06-25,S10,2026-06-25,SOFT,DA47B362,3050,OTA,f,1,0,Hotels.com,
S10_2026-06-26,S10,2026-06-26,SOFT,DA47B362,3050,OTA,f,1,0,Hotels.com,
S10_2026-06-27,S10,2026-06-27,SOFT,DA47B362,3050,OTA,f,1,0,Hotels.com,
S10_2026-06-28,S10,2026-06-28,SOFT,DA47B362,3050,OTA,f,1,0,Hotels.com,
S10_2026-06-29,S10,2026-06-29,SOFT,DA47B362,3050,OTA,f,1,0,Hotels.com,
S04_2026-06-02,S04,2026-06-02,SOFT,AF26509A,2660,OTA,f,1,0,Hotels.com,
S04_2026-06-04,S04,2026-06-04,SOFT,3313E1B6,2750,DIRECT,f,1,0,,
S04_2026-06-06,S04,2026-06-06,SOFT,DB8A10C7,2740,DIRECT,f,1,0,,
S04_2026-06-07,S04,2026-06-07,SOFT,DB8A10C7,2740,DIRECT,f,1,0,,
S04_2026-06-09,S04,2026-06-09,SOFT,FA7006B0,2900,DIRECT,f,1,0,,
S04_2026-06-12,S04,2026-06-12,SOFT,B7EADA33,2910,DIRECT,f,1,0,,
S04_2026-06-13,S04,2026-06-13,SOFT,B7EADA33,2910,DIRECT,f,1,0,,
S04_2026-06-14,S04,2026-06-14,SOFT,1F43939F,2840,DIRECT,f,1,0,,
S04_2026-06-15,S04,2026-06-15,SOFT,1F43939F,2840,DIRECT,f,1,0,,
S04_2026-06-16,S04,2026-06-16,SOFT,1F43939F,2840,DIRECT,f,1,0,,
S04_2026-06-17,S04,2026-06-17,SOFT,1F43939F,2840,DIRECT,f,1,0,,
S04_2026-06-18,S04,2026-06-18,SOFT,C3BEE27B,2690,OTA,f,1,0,Expedia,
S04_2026-06-19,S04,2026-06-19,SOFT,C3BEE27B,2690,OTA,f,1,0,Expedia,
S04_2026-06-20,S04,2026-06-20,SOFT,F4FD3737,2770,OTA,f,1,0,Booking.com,
S04_2026-06-25,S04,2026-06-25,SOFT,9DEEF86F,2630,OTA,f,1,0,Expedia,
S04_2026-06-26,S04,2026-06-26,SOFT,9DEEF86F,2630,OTA,f,1,0,Expedia,
S04_2026-06-27,S04,2026-06-27,SOFT,9DEEF86F,2630,OTA,f,1,0,Expedia,
S04_2026-06-28,S04,2026-06-28,SOFT,4699C31B,2650,OTA,f,1,0,Hotels.com,
E10_2026-06-04,E10,2026-06-04,SOFT,46E691BD,1460,DIRECT,f,1,0,,
E10_2026-06-05,E10,2026-06-05,SOFT,46E691BD,1460,DIRECT,f,1,0,,
E10_2026-06-09,E10,2026-06-09,SOFT,4783D01B,1480,OTA,f,1,0,Booking.com,
E10_2026-06-10,E10,2026-06-10,SOFT,4783D01B,1480,OTA,f,1,0,Booking.com,
E10_2026-06-12,E10,2026-06-12,SOFT,2572295C,1460,OTA,f,1,0,Priceline,
E10_2026-06-13,E10,2026-06-13,SOFT,F8767C91,1400,OTA,f,1,0,Expedia,
E10_2026-06-17,E10,2026-06-17,SOFT,B347D0C4,1400,OTA,f,1,0,Booking.com,
E10_2026-06-19,E10,2026-06-19,SOFT,29649B20,1510,DIRECT,f,1,0,,
E10_2026-06-20,E10,2026-06-20,SOFT,83D8C213,1410,OTA,f,1,0,Expedia,
E10_2026-06-21,E10,2026-06-21,SOFT,83D8C213,1410,OTA,f,1,0,Expedia,
E10_2026-06-24,E10,2026-06-24,SOFT,92B027C4,1580,DIRECT,f,1,0,,
E10_2026-06-25,E10,2026-06-25,SOFT,8F5B532F,1480,OTA,f,1,0,Expedia,
E10_2026-06-26,E10,2026-06-26,SOFT,8F5B532F,1480,OTA,f,1,0,Expedia,
E10_2026-06-27,E10,2026-06-27,SOFT,8F5B532F,1480,OTA,f,1,0,Expedia,
E10_2026-06-28,E10,2026-06-28,SOFT,8F5B532F,1480,OTA,f,1,0,Expedia,
D01_2026-06-01,D01,2026-06-01,EMPTY,,5000,DIRECT,f,1,0,,
S02_2026-06-01,S02,2026-06-01,SOFT,C9BED218,2500,DIRECT,f,1,0,,
D01_2026-05-30,D01,2026-05-30,SOFT,05D05D6D,4660,OTA,f,1,0,Hotels.com,
D02_2026-05-30,D02,2026-05-30,SOFT,CB66539B,4790,OTA,f,1,0,Expedia,
D03_2026-05-30,D03,2026-05-30,SOFT,CB0AD3A5,4870,DIRECT,f,1,0,,
D04_2026-05-30,D04,2026-05-30,SOFT,970C9BF4,5420,OTA,f,1,0,Orbitz,
D05_2026-05-30,D05,2026-05-30,SOFT,038C2451,5790,DIRECT,f,1,0,,
D06_2026-05-30,D06,2026-05-30,SOFT,CB00B060,5420,OTA,f,1,0,Hotels.com,
D07_2026-05-30,D07,2026-05-30,SOFT,11FA5F08,6290,DIRECT,f,1,0,,
D08_2026-05-30,D08,2026-05-30,SOFT,E3F83B66,5820,OTA,f,1,0,Expedia,
D09_2026-05-30,D09,2026-05-30,SOFT,03CD647A,6080,DIRECT,f,1,0,,
D10_2026-05-30,D10,2026-05-30,SOFT,4E82D359,6440,OTA,f,1,0,Priceline,
U01_2026-05-30,U01,2026-05-30,SOFT,4EA3D97A,8880,OTA,f,1,0,Expedia,
U02_2026-05-30,U02,2026-05-30,SOFT,E70805F5,8450,OTA,f,1,0,Booking.com,
U03_2026-05-30,U03,2026-05-30,SOFT,72D34EBF,9460,DIRECT,f,1,0,,
U04_2026-05-30,U04,2026-05-30,SOFT,8871766E,8880,OTA,f,1,0,Hotels.com,
U05_2026-05-30,U05,2026-05-30,SOFT,D7DDD77F,10770,DIRECT,f,1,0,,
U06_2026-05-30,U06,2026-05-30,SOFT,39D8F58C,9800,DIRECT,f,1,0,,
U07_2026-05-30,U07,2026-05-30,SOFT,37313224,10460,OTA,f,1,0,Booking.com,
U08_2026-05-30,U08,2026-05-30,SOFT,035F7414,11030,DIRECT,f,1,0,,
U09_2026-05-30,U09,2026-05-30,SOFT,BB5BA649,10810,OTA,f,1,0,Expedia,
U10_2026-05-30,U10,2026-05-30,SOFT,00916223,10330,OTA,f,1,0,Priceline,
S01_2026-05-30,S01,2026-05-30,SOFT,15CD0FB6,2610,DIRECT,f,1,0,,
S02_2026-05-30,S02,2026-05-30,SOFT,1AE42FE6,2490,OTA,f,1,0,Booking.com,
S03_2026-05-30,S03,2026-05-30,SOFT,4CEC9073,2390,OTA,f,1,0,Booking.com,
S05_2026-05-30,S05,2026-05-30,SOFT,27FD4143,2790,OTA,f,1,0,Expedia,
S06_2026-05-30,S06,2026-05-30,SOFT,3FADBF36,2740,OTA,f,1,0,Hotels.com,
S07_2026-05-30,S07,2026-05-30,SOFT,29F66722,2770,OTA,f,1,0,Priceline,
S08_2026-05-30,S08,2026-05-30,SOFT,BF2EFA56,2790,OTA,f,1,0,Expedia,
S09_2026-05-30,S09,2026-05-30,SOFT,7AB15A32,2820,OTA,f,1,0,Booking.com,
S10_2026-05-30,S10,2026-05-30,SOFT,7CE55004,2960,OTA,f,1,0,Booking.com,
E08_2026-05-30,E08,2026-05-30,SOFT,4E7C85BB,1440,OTA,f,1,0,Hotels.com,
E09_2026-05-30,E09,2026-05-30,SOFT,91BFD14B,1560,DIRECT,f,1,0,,
E11_2026-05-30,E11,2026-05-30,SOFT,A95861AB,1590,DIRECT,f,1,0,,
E13_2026-05-30,E13,2026-05-30,SOFT,24838C23,1480,OTA,f,1,0,Hotels.com,
E14_2026-05-30,E14,2026-05-30,SOFT,EA3431C4,1470,DIRECT,f,1,0,,
D01_2025-05-31,D01,2025-05-31,SOFT,A23971AC,5130,DIRECT,f,1,0,,
D02_2025-05-31,D02,2025-05-31,SOFT,36C028BA,4940,OTA,f,1,0,Orbitz,
D03_2025-05-31,D03,2025-05-31,SOFT,3C75F717,4620,OTA,f,1,0,Booking.com,
D04_2025-05-31,D04,2025-05-31,SOFT,C46DF50B,5320,OTA,f,1,0,Booking.com,
D05_2025-05-31,D05,2025-05-31,SOFT,389C694C,5310,OTA,f,1,0,Expedia,
D06_2025-05-31,D06,2025-05-31,SOFT,74DBA023,5810,DIRECT,f,1,0,,
D07_2025-05-31,D07,2025-05-31,SOFT,3BCDACB4,5990,OTA,f,1,0,Booking.com,
U07_2026-04-15,U07,2026-04-15,SOFT,BKU7B,10500,OTA,f,1,0,,
U07_2026-04-16,U07,2026-04-16,SOFT,BKU7B,10500,OTA,f,1,0,,
U07_2026-04-17,U07,2026-04-17,SOFT,BKU7B,10500,OTA,f,1,0,,
U07_2026-04-18,U07,2026-04-18,SOFT,BKU7B,10500,OTA,f,1,0,,
U07_2026-04-19,U07,2026-04-19,SOFT,BKU7B,10500,OTA,f,1,0,,
U02_2026-04-15,U02,2026-04-15,SOFT,BKU1B,9000,OTA,f,1,0,,
U02_2026-04-16,U02,2026-04-16,SOFT,BKU1B,9000,OTA,f,1,0,,
U02_2026-04-17,U02,2026-04-17,SOFT,BKU1B,9000,OTA,f,1,0,,
U02_2026-04-18,U02,2026-04-18,SOFT,BKU1B,9000,OTA,f,1,0,,
U02_2026-04-19,U02,2026-04-19,SOFT,BKU1B,9000,OTA,f,1,0,,
D08_2025-05-31,D08,2025-05-31,SOFT,3E684093,6190,DIRECT,f,1,0,,
D09_2025-05-31,D09,2025-05-31,SOFT,35BCF331,5780,OTA,f,1,0,Expedia,
D10_2025-05-31,D10,2025-05-31,SOFT,B026BEBC,5990,OTA,f,1,0,Travelocity,
U01_2025-05-31,U01,2025-05-31,SOFT,96C98256,8390,OTA,f,1,0,Hotels.com,
U02_2025-05-31,U02,2025-05-31,SOFT,BB761392,8340,OTA,f,1,0,Booking.com,
U03_2025-05-31,U03,2025-05-31,SOFT,CDA67F40,9470,DIRECT,f,1,0,,
U04_2025-05-31,U04,2025-05-31,SOFT,0AF3C1AB,9140,OTA,f,1,0,Travelocity,
U05_2025-05-31,U05,2025-05-31,SOFT,300743A4,9610,OTA,f,1,0,Booking.com,
U06_2025-05-31,U06,2025-05-31,SOFT,A8773DD3,10210,DIRECT,f,1,0,,
U07_2025-05-31,U07,2025-05-31,SOFT,809BC177,10080,OTA,f,1,0,Priceline,
U08_2025-05-31,U08,2025-05-31,SOFT,A5FA4C78,9810,OTA,f,1,0,Expedia,
U09_2025-05-31,U09,2025-05-31,SOFT,3D53B8BF,10940,DIRECT,f,1,0,,
U10_2025-05-31,U10,2025-05-31,SOFT,1AA48BA9,10460,OTA,f,1,0,Orbitz,
S01_2025-05-31,S01,2025-05-31,SOFT,0A417E63,2590,DIRECT,f,1,0,,
S02_2025-05-31,S02,2025-05-31,SOFT,55E8EF73,2360,OTA,f,1,0,Priceline,
S03_2025-05-31,S03,2025-05-31,SOFT,8B8541F1,2320,OTA,f,1,0,Orbitz,
S05_2025-05-31,S05,2025-05-31,SOFT,6BEAA7C3,2590,OTA,f,1,0,Expedia,
S06_2025-05-31,S06,2025-05-31,SOFT,DE82B3B9,2760,OTA,f,1,0,Expedia,
S07_2025-05-31,S07,2025-05-31,SOFT,A9ABB5FE,3000,OTA,f,1,0,Expedia,
S08_2025-05-31,S08,2025-05-31,SOFT,ED6ED934,2840,OTA,f,1,0,Travelocity,
S09_2025-05-31,S09,2025-05-31,SOFT,BC127042,2820,OTA,f,1,0,Travelocity,
U02_2026-04-20,U02,2026-04-20,SOFT,BKU8C,9000,OTA,f,1,0,,
U02_2026-04-21,U02,2026-04-21,SOFT,BKU8C,9000,OTA,f,1,0,,
S10_2025-05-31,S10,2025-05-31,SOFT,B5D9B58E,3150,DIRECT,f,1,0,,
E08_2025-05-31,E08,2025-05-31,SOFT,B68D2BC7,1500,DIRECT,f,1,0,,
E09_2025-05-31,E09,2025-05-31,SOFT,79DEBFF4,1570,DIRECT,f,1,0,,
E11_2025-05-31,E11,2025-05-31,SOFT,C5CB798D,1530,DIRECT,f,1,0,,
E12_2025-05-31,E12,2025-05-31,SOFT,EA73F4F4,1490,OTA,f,1,0,Booking.com,
E13_2025-05-31,E13,2025-05-31,SOFT,93AEF12A,1380,OTA,f,1,0,Expedia,
E14_2025-05-31,E14,2025-05-31,SOFT,05D228D0,1580,DIRECT,f,1,0,,
U07_2026-04-20,U07,2026-04-20,SOFT,BKU7B,10500,OTA,f,1,0,,
U07_2026-04-21,U07,2026-04-21,SOFT,BKU7B,10500,OTA,f,1,0,,
E01_2026-04-20,E01,2026-04-20,EMPTY,,1500,OTA,f,1,0,,
E01_2026-04-21,E01,2026-04-21,EMPTY,,1500,OTA,f,1,0,,
E01_2026-04-22,E01,2026-04-22,EMPTY,,1500,OTA,f,1,0,,
E01_2026-04-23,E01,2026-04-23,EMPTY,,1500,OTA,f,1,0,,
E01_2026-04-24,E01,2026-04-24,EMPTY,,1500,OTA,f,1,0,,
E01_2026-04-25,E01,2026-04-25,EMPTY,,1500,OTA,f,1,0,,
E01_2026-04-26,E01,2026-04-26,EMPTY,,1500,OTA,f,1,0,,
E01_2026-04-27,E01,2026-04-27,EMPTY,,1500,OTA,f,1,0,,
E01_2026-04-28,E01,2026-04-28,EMPTY,,1500,OTA,f,1,0,,
E01_2026-04-29,E01,2026-04-29,EMPTY,,1500,OTA,f,1,0,,
E01_2026-04-30,E01,2026-04-30,EMPTY,,1500,OTA,f,1,0,,
E01_2026-05-01,E01,2026-05-01,EMPTY,,1500,OTA,f,1,0,,
E01_2026-05-02,E01,2026-05-02,EMPTY,,1500,OTA,f,1,0,,
E01_2026-05-03,E01,2026-05-03,EMPTY,,1500,OTA,f,1,0,,
E01_2026-05-04,E01,2026-05-04,EMPTY,,1500,OTA,f,1,0,,
E01_2026-05-05,E01,2026-05-05,EMPTY,,1500,OTA,f,1,0,,
E01_2026-05-06,E01,2026-05-06,EMPTY,,1500,OTA,f,1,0,,
E01_2026-05-07,E01,2026-05-07,EMPTY,,1500,OTA,f,1,0,,
E01_2026-05-08,E01,2026-05-08,EMPTY,,1500,OTA,f,1,0,,
E02_2026-04-16,E02,2026-04-16,EMPTY,,1500,OTA,f,1,0,,
E02_2026-04-25,E02,2026-04-25,EMPTY,,1500,OTA,f,1,0,,
E02_2026-04-26,E02,2026-04-26,EMPTY,,1500,OTA,f,1,0,,
E02_2026-04-27,E02,2026-04-27,EMPTY,,1500,OTA,f,1,0,,
E02_2026-04-28,E02,2026-04-28,EMPTY,,1500,OTA,f,1,0,,
E02_2026-04-29,E02,2026-04-29,EMPTY,,1500,OTA,f,1,0,,
E02_2026-04-30,E02,2026-04-30,EMPTY,,1500,OTA,f,1,0,,
E02_2026-05-01,E02,2026-05-01,EMPTY,,1500,OTA,f,1,0,,
E02_2026-05-02,E02,2026-05-02,EMPTY,,1500,OTA,f,1,0,,
E02_2026-05-03,E02,2026-05-03,EMPTY,,1500,OTA,f,1,0,,
E02_2026-05-04,E02,2026-05-04,EMPTY,,1500,OTA,f,1,0,,
E02_2026-05-05,E02,2026-05-05,EMPTY,,1500,OTA,f,1,0,,
E02_2026-05-06,E02,2026-05-06,EMPTY,,1500,OTA,f,1,0,,
E02_2026-05-07,E02,2026-05-07,EMPTY,,1500,OTA,f,1,0,,
E02_2026-05-08,E02,2026-05-08,EMPTY,,1500,OTA,f,1,0,,
E03_2026-04-14,E03,2026-04-14,EMPTY,,1500,OTA,f,1,0,,
E03_2026-04-15,E03,2026-04-15,EMPTY,,1500,OTA,f,1,0,,
E03_2026-04-16,E03,2026-04-16,EMPTY,,1500,OTA,f,1,0,,
E03_2026-04-17,E03,2026-04-17,EMPTY,,1500,OTA,f,1,0,,
E03_2026-04-18,E03,2026-04-18,EMPTY,,1500,OTA,f,1,0,,
E03_2026-04-25,E03,2026-04-25,EMPTY,,1500,OTA,f,1,0,,
E03_2026-04-26,E03,2026-04-26,EMPTY,,1500,OTA,f,1,0,,
E03_2026-04-27,E03,2026-04-27,EMPTY,,1500,OTA,f,1,0,,
E03_2026-04-28,E03,2026-04-28,EMPTY,,1500,OTA,f,1,0,,
E03_2026-04-29,E03,2026-04-29,EMPTY,,1500,OTA,f,1,0,,
E03_2026-04-30,E03,2026-04-30,EMPTY,,1500,OTA,f,1,0,,
E03_2026-05-01,E03,2026-05-01,EMPTY,,1500,OTA,f,1,0,,
E03_2026-05-02,E03,2026-05-02,EMPTY,,1500,OTA,f,1,0,,
E03_2026-05-03,E03,2026-05-03,EMPTY,,1500,OTA,f,1,0,,
E03_2026-05-04,E03,2026-05-04,EMPTY,,1500,OTA,f,1,0,,
E03_2026-05-05,E03,2026-05-05,EMPTY,,1500,OTA,f,1,0,,
E03_2026-05-06,E03,2026-05-06,EMPTY,,1500,OTA,f,1,0,,
E03_2026-05-07,E03,2026-05-07,EMPTY,,1500,OTA,f,1,0,,
E03_2026-05-08,E03,2026-05-08,EMPTY,,1500,OTA,f,1,0,,
E04_2026-04-11,E04,2026-04-11,EMPTY,,1500,OTA,f,1,0,,
E04_2026-04-12,E04,2026-04-12,EMPTY,,1500,OTA,f,1,0,,
E04_2026-04-13,E04,2026-04-13,EMPTY,,1500,OTA,f,1,0,,
E04_2026-04-14,E04,2026-04-14,EMPTY,,1500,OTA,f,1,0,,
E04_2026-04-15,E04,2026-04-15,EMPTY,,1500,OTA,f,1,0,,
E04_2026-04-16,E04,2026-04-16,EMPTY,,1500,OTA,f,1,0,,
E04_2026-04-17,E04,2026-04-17,EMPTY,,1500,OTA,f,1,0,,
E04_2026-04-18,E04,2026-04-18,EMPTY,,1500,OTA,f,1,0,,
E04_2026-04-19,E04,2026-04-19,EMPTY,,1500,OTA,f,1,0,,
E04_2026-04-20,E04,2026-04-20,EMPTY,,1500,OTA,f,1,0,,
E04_2026-04-21,E04,2026-04-21,EMPTY,,1500,OTA,f,1,0,,
E04_2026-04-22,E04,2026-04-22,EMPTY,,1500,OTA,f,1,0,,
E04_2026-04-23,E04,2026-04-23,EMPTY,,1500,OTA,f,1,0,,
E04_2026-04-24,E04,2026-04-24,EMPTY,,1500,OTA,f,1,0,,
E04_2026-04-25,E04,2026-04-25,EMPTY,,1500,OTA,f,1,0,,
E04_2026-04-26,E04,2026-04-26,EMPTY,,1500,OTA,f,1,0,,
E04_2026-04-27,E04,2026-04-27,EMPTY,,1500,OTA,f,1,0,,
E04_2026-04-28,E04,2026-04-28,EMPTY,,1500,OTA,f,1,0,,
E04_2026-04-29,E04,2026-04-29,EMPTY,,1500,OTA,f,1,0,,
E04_2026-04-30,E04,2026-04-30,EMPTY,,1500,OTA,f,1,0,,
E04_2026-05-01,E04,2026-05-01,EMPTY,,1500,OTA,f,1,0,,
E04_2026-05-02,E04,2026-05-02,EMPTY,,1500,OTA,f,1,0,,
E04_2026-05-03,E04,2026-05-03,EMPTY,,1500,OTA,f,1,0,,
E04_2026-05-04,E04,2026-05-04,EMPTY,,1500,OTA,f,1,0,,
E04_2026-05-05,E04,2026-05-05,EMPTY,,1500,OTA,f,1,0,,
E04_2026-05-06,E04,2026-05-06,EMPTY,,1500,OTA,f,1,0,,
E04_2026-05-07,E04,2026-05-07,EMPTY,,1500,OTA,f,1,0,,
E04_2026-05-08,E04,2026-05-08,EMPTY,,1500,OTA,f,1,0,,
E05_2026-04-13,E05,2026-04-13,EMPTY,,1500,OTA,f,1,0,,
E05_2026-04-14,E05,2026-04-14,EMPTY,,1500,OTA,f,1,0,,
E05_2026-04-15,E05,2026-04-15,EMPTY,,1500,OTA,f,1,0,,
E05_2026-04-16,E05,2026-04-16,EMPTY,,1500,OTA,f,1,0,,
E06_2026-04-10,E06,2026-04-10,EMPTY,,1500,OTA,f,1,0,,
E06_2026-04-11,E06,2026-04-11,EMPTY,,1500,OTA,f,1,0,,
E06_2026-04-12,E06,2026-04-12,EMPTY,,1500,OTA,f,1,0,,
E06_2026-04-13,E06,2026-04-13,EMPTY,,1500,OTA,f,1,0,,
E06_2026-04-14,E06,2026-04-14,EMPTY,,1500,OTA,f,1,0,,
E06_2026-04-15,E06,2026-04-15,EMPTY,,1500,OTA,f,1,0,,
E06_2026-04-16,E06,2026-04-16,EMPTY,,1500,OTA,f,1,0,,
E06_2026-04-17,E06,2026-04-17,EMPTY,,1500,OTA,f,1,0,,
E06_2026-04-18,E06,2026-04-18,EMPTY,,1500,OTA,f,1,0,,
E06_2026-04-19,E06,2026-04-19,EMPTY,,1500,OTA,f,1,0,,
E06_2026-04-20,E06,2026-04-20,EMPTY,,1500,OTA,f,1,0,,
E06_2026-04-21,E06,2026-04-21,EMPTY,,1500,OTA,f,1,0,,
E06_2026-04-22,E06,2026-04-22,EMPTY,,1500,OTA,f,1,0,,
E06_2026-04-23,E06,2026-04-23,EMPTY,,1500,OTA,f,1,0,,
E06_2026-04-24,E06,2026-04-24,EMPTY,,1500,OTA,f,1,0,,
E06_2026-04-25,E06,2026-04-25,EMPTY,,1500,OTA,f,1,0,,
E06_2026-04-26,E06,2026-04-26,EMPTY,,1500,OTA,f,1,0,,
E06_2026-04-27,E06,2026-04-27,EMPTY,,1500,OTA,f,1,0,,
E06_2026-04-28,E06,2026-04-28,EMPTY,,1500,OTA,f,1,0,,
E06_2026-04-29,E06,2026-04-29,EMPTY,,1500,OTA,f,1,0,,
E06_2026-04-30,E06,2026-04-30,EMPTY,,1500,OTA,f,1,0,,
E06_2026-05-01,E06,2026-05-01,EMPTY,,1500,OTA,f,1,0,,
E06_2026-05-02,E06,2026-05-02,EMPTY,,1500,OTA,f,1,0,,
E06_2026-05-03,E06,2026-05-03,EMPTY,,1500,OTA,f,1,0,,
E06_2026-05-04,E06,2026-05-04,EMPTY,,1500,OTA,f,1,0,,
E06_2026-05-05,E06,2026-05-05,EMPTY,,1500,OTA,f,1,0,,
E06_2026-05-06,E06,2026-05-06,EMPTY,,1500,OTA,f,1,0,,
E06_2026-05-07,E06,2026-05-07,EMPTY,,1500,OTA,f,1,0,,
E06_2026-05-08,E06,2026-05-08,EMPTY,,1500,OTA,f,1,0,,
E06_2026-05-09,E06,2026-05-09,EMPTY,,1500,OTA,f,1,0,,
E07_2026-04-13,E07,2026-04-13,EMPTY,,1500,OTA,f,1,0,,
E07_2026-04-14,E07,2026-04-14,EMPTY,,1500,OTA,f,1,0,,
E07_2026-04-15,E07,2026-04-15,EMPTY,,1500,OTA,f,1,0,,
E07_2026-04-16,E07,2026-04-16,EMPTY,,1500,OTA,f,1,0,,
E07_2026-04-17,E07,2026-04-17,EMPTY,,1500,OTA,f,1,0,,
E07_2026-04-18,E07,2026-04-18,EMPTY,,1500,OTA,f,1,0,,
E07_2026-04-19,E07,2026-04-19,EMPTY,,1500,OTA,f,1,0,,
E07_2026-04-20,E07,2026-04-20,EMPTY,,1500,OTA,f,1,0,,
E07_2026-04-21,E07,2026-04-21,EMPTY,,1500,OTA,f,1,0,,
E07_2026-04-22,E07,2026-04-22,EMPTY,,1500,OTA,f,1,0,,
E07_2026-04-23,E07,2026-04-23,EMPTY,,1500,OTA,f,1,0,,
E07_2026-04-24,E07,2026-04-24,EMPTY,,1500,OTA,f,1,0,,
E07_2026-04-25,E07,2026-04-25,EMPTY,,1500,OTA,f,1,0,,
E07_2026-04-26,E07,2026-04-26,EMPTY,,1500,OTA,f,1,0,,
E07_2026-04-27,E07,2026-04-27,EMPTY,,1500,OTA,f,1,0,,
E07_2026-04-28,E07,2026-04-28,EMPTY,,1500,OTA,f,1,0,,
E07_2026-04-29,E07,2026-04-29,EMPTY,,1500,OTA,f,1,0,,
E07_2026-04-30,E07,2026-04-30,EMPTY,,1500,OTA,f,1,0,,
E07_2026-05-01,E07,2026-05-01,EMPTY,,1500,OTA,f,1,0,,
E07_2026-05-02,E07,2026-05-02,EMPTY,,1500,OTA,f,1,0,,
E07_2026-05-03,E07,2026-05-03,EMPTY,,1500,OTA,f,1,0,,
E07_2026-05-04,E07,2026-05-04,EMPTY,,1500,OTA,f,1,0,,
E07_2026-05-05,E07,2026-05-05,EMPTY,,1500,OTA,f,1,0,,
E07_2026-05-06,E07,2026-05-06,EMPTY,,1500,OTA,f,1,0,,
E07_2026-05-07,E07,2026-05-07,EMPTY,,1500,OTA,f,1,0,,
E07_2026-05-08,E07,2026-05-08,EMPTY,,1500,OTA,f,1,0,,
E07_2026-05-09,E07,2026-05-09,EMPTY,,1500,OTA,f,1,0,,
E08_2026-04-11,E08,2026-04-11,EMPTY,,1500,OTA,f,1,0,,
E08_2026-04-12,E08,2026-04-12,EMPTY,,1500,OTA,f,1,0,,
E08_2026-04-13,E08,2026-04-13,EMPTY,,1500,OTA,f,1,0,,
E08_2026-04-14,E08,2026-04-14,EMPTY,,1500,OTA,f,1,0,,
E08_2026-04-15,E08,2026-04-15,EMPTY,,1500,OTA,f,1,0,,
E08_2026-04-20,E08,2026-04-20,SOFT,00880000,1500,OTA,f,1,0,,
E08_2026-04-16,E08,2026-04-16,EMPTY,,1500,OTA,f,1,0,,
E08_2026-04-17,E08,2026-04-17,EMPTY,,1500,OTA,f,1,0,,
E08_2026-04-18,E08,2026-04-18,EMPTY,,1500,OTA,f,1,0,,
E08_2026-04-19,E08,2026-04-19,EMPTY,,1500,OTA,f,1,0,,
E08_2026-04-21,E08,2026-04-21,EMPTY,,1500,OTA,f,1,0,,
E08_2026-04-22,E08,2026-04-22,EMPTY,,1500,OTA,f,1,0,,
E08_2026-04-23,E08,2026-04-23,EMPTY,,1500,OTA,f,1,0,,
E08_2026-04-24,E08,2026-04-24,EMPTY,,1500,OTA,f,1,0,,
E08_2026-04-25,E08,2026-04-25,EMPTY,,1500,OTA,f,1,0,,
E08_2026-04-26,E08,2026-04-26,EMPTY,,1500,OTA,f,1,0,,
E08_2026-04-27,E08,2026-04-27,EMPTY,,1500,OTA,f,1,0,,
E08_2026-04-28,E08,2026-04-28,EMPTY,,1500,OTA,f,1,0,,
E08_2026-04-29,E08,2026-04-29,EMPTY,,1500,OTA,f,1,0,,
E08_2026-04-30,E08,2026-04-30,EMPTY,,1500,OTA,f,1,0,,
E08_2026-05-01,E08,2026-05-01,EMPTY,,1500,OTA,f,1,0,,
E08_2026-05-02,E08,2026-05-02,EMPTY,,1500,OTA,f,1,0,,
E08_2026-05-03,E08,2026-05-03,EMPTY,,1500,OTA,f,1,0,,
E08_2026-05-04,E08,2026-05-04,EMPTY,,1500,OTA,f,1,0,,
E08_2026-05-05,E08,2026-05-05,EMPTY,,1500,OTA,f,1,0,,
E08_2026-05-06,E08,2026-05-06,EMPTY,,1500,OTA,f,1,0,,
E08_2026-05-07,E08,2026-05-07,EMPTY,,1500,OTA,f,1,0,,
E08_2026-05-08,E08,2026-05-08,EMPTY,,1500,OTA,f,1,0,,
E08_2026-05-09,E08,2026-05-09,EMPTY,,1500,OTA,f,1,0,,
E08_2026-06-01,E08,2026-06-01,SOFT,5129F4A6,1480,DIRECT,f,1,0,,
E08_2026-06-03,E08,2026-06-03,SOFT,27A501E0,1600,DIRECT,f,1,0,,
E08_2026-06-04,E08,2026-06-04,SOFT,27A501E0,1600,DIRECT,f,1,0,,
E08_2026-06-05,E08,2026-06-05,SOFT,27A501E0,1600,DIRECT,f,1,0,,
E08_2026-06-07,E08,2026-06-07,SOFT,CA2049F3,1470,OTA,f,1,0,Expedia,
E08_2026-06-12,E08,2026-06-12,SOFT,00A6F371,1560,DIRECT,f,1,0,,
E08_2026-06-13,E08,2026-06-13,SOFT,00A6F371,1560,DIRECT,f,1,0,,
E08_2026-06-14,E08,2026-06-14,SOFT,911BE685,1560,DIRECT,f,1,0,,
E08_2026-06-16,E08,2026-06-16,SOFT,B687D41A,1410,OTA,f,1,0,Booking.com,
E08_2026-06-18,E08,2026-06-18,SOFT,5021CB42,1530,DIRECT,f,1,0,,
E08_2026-06-19,E08,2026-06-19,SOFT,5021CB42,1530,DIRECT,f,1,0,,
E08_2026-06-20,E08,2026-06-20,SOFT,5021CB42,1530,DIRECT,f,1,0,,
E08_2026-06-22,E08,2026-06-22,SOFT,3620782D,1490,OTA,f,1,0,Orbitz,
E08_2026-06-26,E08,2026-06-26,SOFT,6E9851AB,1390,OTA,f,1,0,Expedia,
E08_2026-06-27,E08,2026-06-27,SOFT,6E9851AB,1390,OTA,f,1,0,Expedia,
E08_2026-06-29,E08,2026-06-29,SOFT,974732E6,1530,DIRECT,f,1,0,,
E09_2026-04-10,E09,2026-04-10,EMPTY,,1500,OTA,f,1,0,,
E09_2026-04-11,E09,2026-04-11,EMPTY,,1500,OTA,f,1,0,,
E09_2026-04-12,E09,2026-04-12,EMPTY,,1500,OTA,f,1,0,,
E09_2026-04-13,E09,2026-04-13,EMPTY,,1500,OTA,f,1,0,,
E09_2026-04-14,E09,2026-04-14,EMPTY,,1500,OTA,f,1,0,,
E09_2026-04-15,E09,2026-04-15,EMPTY,,1500,OTA,f,1,0,,
E09_2026-04-16,E09,2026-04-16,EMPTY,,1500,OTA,f,1,0,,
E09_2026-04-17,E09,2026-04-17,EMPTY,,1500,OTA,f,1,0,,
E09_2026-04-18,E09,2026-04-18,EMPTY,,1500,OTA,f,1,0,,
E09_2026-04-19,E09,2026-04-19,EMPTY,,1500,OTA,f,1,0,,
E09_2026-04-20,E09,2026-04-20,EMPTY,,1500,OTA,f,1,0,,
E09_2026-04-21,E09,2026-04-21,EMPTY,,1500,OTA,f,1,0,,
E09_2026-04-22,E09,2026-04-22,EMPTY,,1500,OTA,f,1,0,,
E09_2026-04-23,E09,2026-04-23,EMPTY,,1500,OTA,f,1,0,,
E09_2026-04-24,E09,2026-04-24,EMPTY,,1500,OTA,f,1,0,,
E09_2026-04-25,E09,2026-04-25,EMPTY,,1500,OTA,f,1,0,,
E09_2026-04-26,E09,2026-04-26,EMPTY,,1500,OTA,f,1,0,,
E09_2026-04-27,E09,2026-04-27,EMPTY,,1500,OTA,f,1,0,,
E09_2026-04-28,E09,2026-04-28,EMPTY,,1500,OTA,f,1,0,,
E09_2026-04-29,E09,2026-04-29,EMPTY,,1500,OTA,f,1,0,,
E09_2026-04-30,E09,2026-04-30,EMPTY,,1500,OTA,f,1,0,,
E09_2026-05-01,E09,2026-05-01,EMPTY,,1500,OTA,f,1,0,,
E09_2026-05-02,E09,2026-05-02,EMPTY,,1500,OTA,f,1,0,,
E09_2026-05-03,E09,2026-05-03,EMPTY,,1500,OTA,f,1,0,,
E09_2026-05-04,E09,2026-05-04,EMPTY,,1500,OTA,f,1,0,,
E09_2026-05-05,E09,2026-05-05,EMPTY,,1500,OTA,f,1,0,,
E09_2026-05-06,E09,2026-05-06,EMPTY,,1500,OTA,f,1,0,,
E09_2026-05-07,E09,2026-05-07,EMPTY,,1500,OTA,f,1,0,,
E09_2026-05-08,E09,2026-05-08,EMPTY,,1500,OTA,f,1,0,,
E09_2026-05-09,E09,2026-05-09,EMPTY,,1500,OTA,f,1,0,,
E09_2026-06-02,E09,2026-06-02,SOFT,2DD14C39,1490,OTA,f,1,0,Booking.com,
E09_2026-06-04,E09,2026-06-04,SOFT,37CC63A1,1620,DIRECT,f,1,0,,
E09_2026-06-05,E09,2026-06-05,SOFT,37CC63A1,1620,DIRECT,f,1,0,,
E09_2026-06-06,E09,2026-06-06,SOFT,37CC63A1,1620,DIRECT,f,1,0,,
E09_2026-06-07,E09,2026-06-07,SOFT,37CC63A1,1620,DIRECT,f,1,0,,
E09_2026-06-08,E09,2026-06-08,SOFT,37CC63A1,1620,DIRECT,f,1,0,,
E09_2026-06-09,E09,2026-06-09,SOFT,D827F1E8,1410,OTA,f,1,0,Hotels.com,
E09_2026-06-12,E09,2026-06-12,SOFT,38299F49,1390,OTA,f,1,0,Travelocity,
E09_2026-06-15,E09,2026-06-15,SOFT,AC34EC0B,1580,DIRECT,f,1,0,,
E09_2026-06-17,E09,2026-06-17,SOFT,445D135E,1510,DIRECT,f,1,0,,
E09_2026-06-18,E09,2026-06-18,SOFT,445D135E,1510,DIRECT,f,1,0,,
E09_2026-06-20,E09,2026-06-20,SOFT,D8F1FFB8,1480,DIRECT,f,1,0,,
E09_2026-06-22,E09,2026-06-22,SOFT,F6771F8D,1440,OTA,f,1,0,Travelocity,
E09_2026-06-24,E09,2026-06-24,SOFT,1CD314D1,1460,DIRECT,f,1,0,,
E09_2026-06-25,E09,2026-06-25,SOFT,1CD314D1,1460,DIRECT,f,1,0,,
E09_2026-06-26,E09,2026-06-26,SOFT,1CD314D1,1460,DIRECT,f,1,0,,
E09_2026-06-27,E09,2026-06-27,SOFT,915BC9AE,1450,OTA,f,1,0,Booking.com,
E10_2026-04-10,E10,2026-04-10,EMPTY,,1500,OTA,f,1,0,,
E10_2026-04-11,E10,2026-04-11,EMPTY,,1500,OTA,f,1,0,,
E10_2026-04-12,E10,2026-04-12,EMPTY,,1500,OTA,f,1,0,,
E10_2026-04-13,E10,2026-04-13,EMPTY,,1500,OTA,f,1,0,,
E10_2026-04-14,E10,2026-04-14,EMPTY,,1500,OTA,f,1,0,,
E10_2026-04-15,E10,2026-04-15,EMPTY,,1500,OTA,f,1,0,,
E10_2026-04-16,E10,2026-04-16,EMPTY,,1500,OTA,f,1,0,,
E10_2026-04-17,E10,2026-04-17,EMPTY,,1500,OTA,f,1,0,,
E10_2026-04-18,E10,2026-04-18,EMPTY,,1500,OTA,f,1,0,,
E10_2026-04-19,E10,2026-04-19,EMPTY,,1500,OTA,f,1,0,,
E10_2026-04-20,E10,2026-04-20,EMPTY,,1500,OTA,f,1,0,,
E10_2026-04-21,E10,2026-04-21,EMPTY,,1500,OTA,f,1,0,,
E10_2026-04-22,E10,2026-04-22,EMPTY,,1500,OTA,f,1,0,,
E10_2026-04-23,E10,2026-04-23,EMPTY,,1500,OTA,f,1,0,,
E10_2026-04-24,E10,2026-04-24,EMPTY,,1500,OTA,f,1,0,,
E10_2026-04-25,E10,2026-04-25,EMPTY,,1500,OTA,f,1,0,,
E10_2026-04-26,E10,2026-04-26,EMPTY,,1500,OTA,f,1,0,,
E10_2026-04-27,E10,2026-04-27,EMPTY,,1500,OTA,f,1,0,,
E10_2026-04-28,E10,2026-04-28,EMPTY,,1500,OTA,f,1,0,,
E10_2026-04-29,E10,2026-04-29,EMPTY,,1500,OTA,f,1,0,,
E10_2026-04-30,E10,2026-04-30,EMPTY,,1500,OTA,f,1,0,,
E10_2026-05-01,E10,2026-05-01,EMPTY,,1500,OTA,f,1,0,,
E10_2026-05-02,E10,2026-05-02,EMPTY,,1500,OTA,f,1,0,,
E10_2026-05-03,E10,2026-05-03,EMPTY,,1500,OTA,f,1,0,,
E10_2026-05-04,E10,2026-05-04,EMPTY,,1500,OTA,f,1,0,,
E10_2026-05-05,E10,2026-05-05,EMPTY,,1500,OTA,f,1,0,,
E10_2026-05-06,E10,2026-05-06,EMPTY,,1500,OTA,f,1,0,,
E10_2026-05-07,E10,2026-05-07,EMPTY,,1500,OTA,f,1,0,,
E10_2026-05-08,E10,2026-05-08,EMPTY,,1500,OTA,f,1,0,,
E10_2026-05-09,E10,2026-05-09,EMPTY,,1500,OTA,f,1,0,,
E11_2026-04-11,E11,2026-04-11,EMPTY,,1500,OTA,f,1,0,,
E11_2026-04-12,E11,2026-04-12,EMPTY,,1500,OTA,f,1,0,,
E11_2026-04-20,E11,2026-04-20,EMPTY,,1500,OTA,f,1,0,,
E11_2026-04-21,E11,2026-04-21,EMPTY,,1500,OTA,f,1,0,,
E11_2026-04-22,E11,2026-04-22,EMPTY,,1500,OTA,f,1,0,,
E11_2026-04-23,E11,2026-04-23,EMPTY,,1500,OTA,f,1,0,,
E11_2026-04-24,E11,2026-04-24,EMPTY,,1500,OTA,f,1,0,,
E11_2026-04-25,E11,2026-04-25,EMPTY,,1500,OTA,f,1,0,,
E11_2026-04-26,E11,2026-04-26,EMPTY,,1500,OTA,f,1,0,,
E11_2026-04-27,E11,2026-04-27,EMPTY,,1500,OTA,f,1,0,,
E11_2026-04-28,E11,2026-04-28,EMPTY,,1500,OTA,f,1,0,,
E11_2026-04-29,E11,2026-04-29,EMPTY,,1500,OTA,f,1,0,,
E11_2026-04-30,E11,2026-04-30,EMPTY,,1500,OTA,f,1,0,,
E11_2026-05-01,E11,2026-05-01,EMPTY,,1500,OTA,f,1,0,,
E11_2026-05-02,E11,2026-05-02,EMPTY,,1500,OTA,f,1,0,,
E11_2026-05-03,E11,2026-05-03,EMPTY,,1500,OTA,f,1,0,,
E11_2026-05-04,E11,2026-05-04,EMPTY,,1500,OTA,f,1,0,,
E11_2026-05-31,E11,2026-05-31,SOFT,73FBD0A2,1540,DIRECT,f,1,0,,
E11_2026-06-03,E11,2026-06-03,SOFT,90F200AE,1490,OTA,f,1,0,Hotels.com,
E11_2026-06-05,E11,2026-06-05,SOFT,B76762D1,1480,OTA,f,1,0,Expedia,
E11_2026-06-06,E11,2026-06-06,SOFT,B76762D1,1480,OTA,f,1,0,Expedia,
E11_2026-06-10,E11,2026-06-10,SOFT,276B70DB,1440,OTA,f,1,0,Booking.com,
E11_2026-06-11,E11,2026-06-11,SOFT,276B70DB,1440,OTA,f,1,0,Booking.com,
E11_2026-06-12,E11,2026-06-12,SOFT,276B70DB,1440,OTA,f,1,0,Booking.com,
E11_2026-06-13,E11,2026-06-13,SOFT,9ED0FF10,1410,OTA,f,1,0,Travelocity,
E11_2026-06-14,E11,2026-06-14,SOFT,9ED0FF10,1410,OTA,f,1,0,Travelocity,
E11_2026-06-18,E11,2026-06-18,SOFT,28E21225,1450,OTA,f,1,0,Orbitz,
E11_2026-06-19,E11,2026-06-19,SOFT,28E21225,1450,OTA,f,1,0,Orbitz,
E11_2026-06-20,E11,2026-06-20,SOFT,214C6326,1380,OTA,f,1,0,Priceline,
E11_2026-06-21,E11,2026-06-21,SOFT,30BF4389,1390,OTA,f,1,0,Orbitz,
E11_2026-06-23,E11,2026-06-23,SOFT,E3689C1F,1470,DIRECT,f,1,0,,
E11_2026-06-28,E11,2026-06-28,SOFT,952AD93E,1500,OTA,f,1,0,Booking.com,
E11_2026-06-29,E11,2026-06-29,SOFT,952AD93E,1500,OTA,f,1,0,Booking.com,
E12_2026-05-02,E12,2026-05-02,EMPTY,,1500,DIRECT,f,1,0,,
E12_2026-05-03,E12,2026-05-03,EMPTY,,1500,DIRECT,f,1,0,,
E12_2026-05-04,E12,2026-05-04,EMPTY,,1500,DIRECT,f,1,0,,
E12_2026-05-05,E12,2026-05-05,EMPTY,,1500,DIRECT,f,1,0,,
E12_2026-05-06,E12,2026-05-06,EMPTY,,1500,DIRECT,f,1,0,,
E12_2026-05-07,E12,2026-05-07,EMPTY,,1500,DIRECT,f,1,0,,
E12_2026-05-08,E12,2026-05-08,EMPTY,,1500,DIRECT,f,1,0,,
E12_2026-05-09,E12,2026-05-09,EMPTY,,1500,DIRECT,f,1,0,,
E12_2026-05-10,E12,2026-05-10,EMPTY,,1500,DIRECT,f,1,0,,
E12_2026-05-11,E12,2026-05-11,EMPTY,,1500,DIRECT,f,1,0,,
E12_2026-05-12,E12,2026-05-12,EMPTY,,1500,DIRECT,f,1,0,,
E12_2026-05-13,E12,2026-05-13,EMPTY,,1500,DIRECT,f,1,0,,
E12_2026-05-14,E12,2026-05-14,EMPTY,,1500,DIRECT,f,1,0,,
E12_2026-05-15,E12,2026-05-15,EMPTY,,1500,DIRECT,f,1,0,,
E12_2026-05-16,E12,2026-05-16,EMPTY,,1500,DIRECT,f,1,0,,
E12_2026-05-28,E12,2026-05-28,EMPTY,,1500,DIRECT,f,1,0,,
E12_2026-05-29,E12,2026-05-29,EMPTY,,1500,DIRECT,f,1,0,,
E12_2026-05-31,E12,2026-05-31,SOFT,DDDC11A5,1550,DIRECT,f,1,0,,
E12_2026-05-30,E12,2026-05-30,SOFT,722E8F06,1480,OTA,f,1,0,Travelocity,
E12_2026-06-01,E12,2026-06-01,SOFT,DDDC11A5,1550,DIRECT,f,1,0,,
E12_2026-06-02,E12,2026-06-02,SOFT,DDDC11A5,1550,DIRECT,f,1,0,,
E12_2026-06-03,E12,2026-06-03,SOFT,DDDC11A5,1550,DIRECT,f,1,0,,
E12_2026-06-04,E12,2026-06-04,SOFT,C8BFB883,1490,OTA,f,1,0,Orbitz,
E12_2026-06-05,E12,2026-06-05,SOFT,C8BFB883,1490,OTA,f,1,0,Orbitz,
E12_2026-06-06,E12,2026-06-06,SOFT,C8BFB883,1490,OTA,f,1,0,Orbitz,
E12_2026-06-07,E12,2026-06-07,SOFT,C8BFB883,1490,OTA,f,1,0,Orbitz,
E12_2026-06-08,E12,2026-06-08,SOFT,87CB479F,1500,OTA,f,1,0,Orbitz,
E12_2026-06-09,E12,2026-06-09,SOFT,87CB479F,1500,OTA,f,1,0,Orbitz,
E12_2026-06-10,E12,2026-06-10,SOFT,87CB479F,1500,OTA,f,1,0,Orbitz,
E12_2026-06-11,E12,2026-06-11,SOFT,87CB479F,1500,OTA,f,1,0,Orbitz,
E12_2026-06-12,E12,2026-06-12,SOFT,87CB479F,1500,OTA,f,1,0,Orbitz,
E12_2026-06-13,E12,2026-06-13,SOFT,5DBE4005,1470,OTA,f,1,0,Orbitz,
E12_2026-06-16,E12,2026-06-16,SOFT,E0CC1740,1580,DIRECT,f,1,0,,
E12_2026-06-17,E12,2026-06-17,SOFT,E0CC1740,1580,DIRECT,f,1,0,,
E12_2026-06-18,E12,2026-06-18,SOFT,E0CC1740,1580,DIRECT,f,1,0,,
E12_2026-06-19,E12,2026-06-19,SOFT,E0CC1740,1580,DIRECT,f,1,0,,
E12_2026-06-20,E12,2026-06-20,SOFT,4EFA3925,1480,DIRECT,f,1,0,,
E12_2026-06-21,E12,2026-06-21,SOFT,4EFA3925,1480,DIRECT,f,1,0,,
E12_2026-06-24,E12,2026-06-24,SOFT,FC4EDFC6,1400,OTA,f,1,0,Booking.com,
E12_2026-06-26,E12,2026-06-26,SOFT,FD0F066F,1420,OTA,f,1,0,Priceline,
E12_2026-06-27,E12,2026-06-27,SOFT,FD0F066F,1420,OTA,f,1,0,Priceline,
E12_2026-06-28,E12,2026-06-28,SOFT,FD0F066F,1420,OTA,f,1,0,Priceline,
E12_2026-06-29,E12,2026-06-29,SOFT,591EB698,1390,OTA,f,1,0,Hotels.com,
E13_2026-06-02,E13,2026-06-02,SOFT,EBE162AD,1610,DIRECT,f,1,0,,
E13_2026-06-04,E13,2026-06-04,SOFT,113F4C53,1570,DIRECT,f,1,0,,
E13_2026-06-05,E13,2026-06-05,SOFT,61DD300F,1540,DIRECT,f,1,0,,
E13_2026-06-06,E13,2026-06-06,SOFT,61DD300F,1540,DIRECT,f,1,0,,
E13_2026-05-31,E13,2026-05-31,EMPTY,,1500,DIRECT,f,1,0,,
E13_2026-06-01,E13,2026-06-01,EMPTY,,1500,DIRECT,f,1,0,,
E13_2026-06-03,E13,2026-06-03,EMPTY,,1500,DIRECT,f,1,0,,
E13_2026-06-08,E13,2026-06-08,EMPTY,,1500,DIRECT,f,1,0,,
E13_2026-06-16,E13,2026-06-16,EMPTY,,1500,DIRECT,f,1,0,,
E13_2026-06-21,E13,2026-06-21,EMPTY,,1500,DIRECT,f,1,0,,
E13_2026-06-15,E13,2026-06-15,SOFT,0D33565C,1400,OTA,f,1,0,Priceline,
E13_2026-06-17,E13,2026-06-17,SOFT,619591B6,1440,OTA,f,1,0,Travelocity,
E13_2026-06-18,E13,2026-06-18,SOFT,619591B6,1440,OTA,f,1,0,Travelocity,
E14_2026-05-31,E14,2026-05-31,SOFT,470FDB54,1440,OTA,f,1,0,Travelocity,
E14_2026-06-03,E14,2026-06-03,EMPTY,,1500,DIRECT,f,1,0,,
E14_2026-06-05,E14,2026-06-05,EMPTY,,1500,DIRECT,f,1,0,,
E14_2026-06-06,E14,2026-06-06,SOFT,0D57B6EB,1540,DIRECT,f,1,0,,
E14_2026-06-09,E14,2026-06-09,EMPTY,,1500,DIRECT,f,1,0,,
E14_2026-06-10,E14,2026-06-10,EMPTY,,1500,DIRECT,f,1,0,,
E14_2026-06-07,E14,2026-06-07,SOFT,0D57B6EB,1540,DIRECT,f,1,0,,
E14_2026-06-11,E14,2026-06-11,EMPTY,,1500,DIRECT,f,1,0,,
E14_2026-06-14,E14,2026-06-14,EMPTY,,1500,DIRECT,f,1,0,,
E14_2026-06-15,E14,2026-06-15,EMPTY,,1500,DIRECT,f,1,0,,
E14_2026-06-16,E14,2026-06-16,EMPTY,,1500,DIRECT,f,1,0,,
E14_2026-06-18,E14,2026-06-18,EMPTY,,1500,DIRECT,f,1,0,,
E14_2026-06-08,E14,2026-06-08,SOFT,0D57B6EB,1540,DIRECT,f,1,0,,
E14_2026-06-12,E14,2026-06-12,SOFT,DA9F5CAF,1460,DIRECT,f,1,0,,
E14_2026-06-27,E14,2026-06-27,SOFT,6E5AC48A,1540,DIRECT,f,1,0,,
E14_2026-06-28,E14,2026-06-28,SOFT,6E5AC48A,1540,DIRECT,f,1,0,,
E14_2026-06-29,E14,2026-06-29,SOFT,6E5AC48A,1540,DIRECT,f,1,0,,
D06_2026-04-26,D06,2026-04-26,EMPTY,,5500,OTA,f,1,0,,
D06_2026-04-27,D06,2026-04-27,EMPTY,,5500,OTA,f,1,0,,
D06_2026-04-28,D06,2026-04-28,EMPTY,,5500,OTA,f,1,0,,
D06_2026-04-29,D06,2026-04-29,EMPTY,,5500,OTA,f,1,0,,
D06_2026-04-30,D06,2026-04-30,EMPTY,,5500,OTA,f,1,0,,
D06_2026-05-01,D06,2026-05-01,EMPTY,,5500,OTA,f,1,0,,
D02_2026-04-30,D02,2026-04-30,EMPTY,,5000,DIRECT,f,1,0,,
D02_2026-05-01,D02,2026-05-01,EMPTY,,5000,DIRECT,f,1,0,,
D02_2026-05-03,D02,2026-05-03,EMPTY,,5000,OTA,f,1,0,,
D06_2026-05-03,D06,2026-05-03,EMPTY,,5500,OTA,f,1,0,,
D02_2026-05-04,D02,2026-05-04,SOFT,BKD9D,5000,OTA,f,1,0,,
D02_2026-05-05,D02,2026-05-05,SOFT,BKD9D,5000,OTA,f,1,0,,
D02_2026-05-06,D02,2026-05-06,SOFT,BKD9D,5000,OTA,f,1,0,,
D06_2026-05-04,D06,2026-05-04,SOFT,BKD4E,5500,OTA,f,1,0,,
D06_2026-05-05,D06,2026-05-05,SOFT,BKD4E,5500,OTA,f,1,0,,
D06_2026-05-06,D06,2026-05-06,SOFT,BKD4E,5500,OTA,f,1,0,,
D08_2026-04-14,D08,2026-04-14,EMPTY,,6000,OTA,t,1,0,,
D08_2026-04-13,D08,2026-04-13,EMPTY,,6000,OTA,f,1,0,,
D05_2026-04-14,D05,2026-04-14,SOFT,BKD1A,5500,OTA,f,1,0,,
D01_2026-04-14,D01,2026-04-14,SOFT,BKD6B,5000,OTA,f,1,0,,
D06_2026-04-23,D06,2026-04-23,EMPTY,,5500,DIRECT,f,1,0,,
D06_2026-04-24,D06,2026-04-24,EMPTY,,5500,DIRECT,f,1,0,,
D06_2026-04-17,D06,2026-04-17,SOFT,BKD1B,5500,OTA,f,1,0,,
D06_2026-04-18,D06,2026-04-18,SOFT,BKD1B,5500,OTA,f,1,0,,
D06_2026-04-20,D06,2026-04-20,SOFT,BKD1B,5500,DIRECT,f,1,0,,
D06_2026-04-21,D06,2026-04-21,SOFT,BKD1B,5500,DIRECT,f,1,0,,
D06_2026-04-22,D06,2026-04-22,SOFT,BKD1B,5500,DIRECT,f,1,0,,
